scenario,object_path,style,code,x_px,y_px,width_px,height_px
LD1-E1-1280x800-before,fig/3,pushbutton,,1113.600000,744.000000,134.400000,35.200000
LD1-E1-1280x800-before,fig/6/1,pushbutton,B13,1061.440000,105.240000,161.920000,27.720000
LD1-E1-1280x800-before,fig/6/5,pushbutton,B15,920.640000,105.240000,130.240000,27.720000
LD1-E1-1280x800-before,fig/6/6,pushbutton,B14,920.640000,148.360000,302.720000,46.200000
LD1-E1-1280x800-before,fig/6/7/4,radiobutton,,920.640000,293.428000,302.720000,41.580000
LD1-E1-1280x800-before,fig/6/7/5,radiobutton,,920.640000,343.324000,302.720000,41.580000
LD1-E1-1280x800-before,fig/6/7/6,radiobutton,,920.640000,393.220000,302.720000,41.580000
LD1-E1-1280x800-before,fig/7/2,pushbutton,B10,65.536000,111.400000,201.216000,30.800000
LD1-E1-1280x800-before,fig/7/3,pushbutton,T12,265.520000,242.320000,36.000000,40.000000
LD1-E1-1280x800-before,fig/7/4,pushbutton,T11,600.880000,242.320000,36.000000,40.000000
LD1-E1-1280x800-before,fig/7/5,pushbutton,T10,714.064000,316.240000,36.000000,40.000000
LD1-E1-1280x800-before,fig/7/6,pushbutton,T09,714.064000,501.040000,36.000000,40.000000
LD1-E1-1280x800-before,fig/7/7,pushbutton,T04,538.000000,538.000000,36.000000,40.000000
LD1-E1-1280x800-before,fig/7/8,pushbutton,T03,328.400000,538.000000,36.000000,40.000000
LD1-E1-1280x800-before,fig/7/9,pushbutton,T02,219.408000,340.880000,36.000000,40.000000
LD1-E1-1280x800-before,fig/7/10,pushbutton,T01,219.408000,445.600000,36.000000,40.000000
LD1-E1-1280x800-before,fig/7/19,frame,component:M,308.672000,200.720000,285.056000,123.200000
LD1-E1-1280x800-before,fig/7/20,frame,component:VR1,635.648000,360.880000,192.832000,135.520000
LD1-E1-1280x800-before,fig/7/21,frame,component:R1,367.360000,514.880000,167.680000,86.240000
LD1-E1-1280x800-before,fig/7/22,frame,component:SRC,65.536000,336.240000,150.912000,154.000000
LD1-E1-1280x800-before,fig/7/22/1,pushbutton,B01,79.118080,351.640000,123.747840,38.500000
LD1-E1-1280x800-wired,fig/3,pushbutton,,1113.600000,744.000000,134.400000,35.200000
LD1-E1-1280x800-wired,fig/6/1,pushbutton,B13,1061.440000,105.240000,161.920000,27.720000
LD1-E1-1280x800-wired,fig/6/5,pushbutton,B15,920.640000,105.240000,130.240000,27.720000
LD1-E1-1280x800-wired,fig/6/6,pushbutton,B14,920.640000,148.360000,302.720000,46.200000
LD1-E1-1280x800-wired,fig/6/7/4,radiobutton,,920.640000,293.428000,302.720000,41.580000
LD1-E1-1280x800-wired,fig/6/7/5,radiobutton,,920.640000,343.324000,302.720000,41.580000
LD1-E1-1280x800-wired,fig/6/7/6,radiobutton,,920.640000,393.220000,302.720000,41.580000
LD1-E1-1280x800-wired,fig/7/2,pushbutton,B10,65.536000,111.400000,201.216000,30.800000
LD1-E1-1280x800-wired,fig/7/15,pushbutton,T12,265.520000,242.320000,36.000000,40.000000
LD1-E1-1280x800-wired,fig/7/16,pushbutton,T11,600.880000,242.320000,36.000000,40.000000
LD1-E1-1280x800-wired,fig/7/17,pushbutton,T10,714.064000,316.240000,36.000000,40.000000
LD1-E1-1280x800-wired,fig/7/18,pushbutton,T09,714.064000,501.040000,36.000000,40.000000
LD1-E1-1280x800-wired,fig/7/19,pushbutton,T04,538.000000,538.000000,36.000000,40.000000
LD1-E1-1280x800-wired,fig/7/20,pushbutton,T03,328.400000,538.000000,36.000000,40.000000
LD1-E1-1280x800-wired,fig/7/21,pushbutton,T02,219.408000,340.880000,36.000000,40.000000
LD1-E1-1280x800-wired,fig/7/22,pushbutton,T01,219.408000,445.600000,36.000000,40.000000
LD1-E1-1280x800-wired,fig/7/31,frame,component:M,308.672000,200.720000,285.056000,123.200000
LD1-E1-1280x800-wired,fig/7/32,frame,component:VR1,635.648000,360.880000,192.832000,135.520000
LD1-E1-1280x800-wired,fig/7/33,frame,component:R1,367.360000,514.880000,167.680000,86.240000
LD1-E1-1280x800-wired,fig/7/34,frame,component:SRC,65.536000,336.240000,150.912000,154.000000
LD1-E1-1280x800-wired,fig/7/34/1,pushbutton,B01,79.118080,351.640000,123.747840,38.500000
LD1-E2-1280x800-before,fig/3,pushbutton,,1113.600000,744.000000,134.400000,35.200000
LD1-E2-1280x800-before,fig/6/1,pushbutton,B13,1061.440000,105.240000,161.920000,27.720000
LD1-E2-1280x800-before,fig/6/5,pushbutton,B15,920.640000,105.240000,130.240000,27.720000
LD1-E2-1280x800-before,fig/6/6,pushbutton,B14,920.640000,148.360000,302.720000,46.200000
LD1-E2-1280x800-before,fig/6/7/9,edit,,1105.299200,357.184000,118.060800,36.036000
LD1-E2-1280x800-before,fig/6/7/11,edit,,1105.299200,404.308000,118.060800,36.036000
LD1-E2-1280x800-before,fig/7/29,frame,component:M,308.672000,200.720000,285.056000,123.200000
LD1-E2-1280x800-before,fig/7/30,frame,component:VR1,635.648000,360.880000,192.832000,135.520000
LD1-E2-1280x800-before,fig/7/31,frame,component:R1,367.360000,514.880000,167.680000,86.240000
LD1-E2-1280x800-before,fig/7/32,frame,component:SRC,65.536000,336.240000,150.912000,154.000000
LD1-E2-1280x800-before,fig/7/32/1,pushbutton,B01,79.118080,351.640000,123.747840,38.500000
LD1-E2-1280x800-wired,fig/3,pushbutton,,1113.600000,744.000000,134.400000,35.200000
LD1-E2-1280x800-wired,fig/6/1,pushbutton,B13,1061.440000,105.240000,161.920000,27.720000
LD1-E2-1280x800-wired,fig/6/5,pushbutton,B15,920.640000,105.240000,130.240000,27.720000
LD1-E2-1280x800-wired,fig/6/6,pushbutton,B14,920.640000,148.360000,302.720000,46.200000
LD1-E2-1280x800-wired,fig/6/7/9,edit,,1105.299200,357.184000,118.060800,36.036000
LD1-E2-1280x800-wired,fig/6/7/11,edit,,1105.299200,404.308000,118.060800,36.036000
LD1-E2-1280x800-wired,fig/7/29,frame,component:M,308.672000,200.720000,285.056000,123.200000
LD1-E2-1280x800-wired,fig/7/30,frame,component:VR1,635.648000,360.880000,192.832000,135.520000
LD1-E2-1280x800-wired,fig/7/31,frame,component:R1,367.360000,514.880000,167.680000,86.240000
LD1-E2-1280x800-wired,fig/7/32,frame,component:SRC,65.536000,336.240000,150.912000,154.000000
LD1-E2-1280x800-wired,fig/7/32/1,pushbutton,B01,79.118080,351.640000,123.747840,38.500000
LD1-E3-1280x800-before,fig/3,pushbutton,,1113.600000,744.000000,134.400000,35.200000
LD1-E3-1280x800-before,fig/6/1,pushbutton,B13,1061.440000,105.240000,161.920000,27.720000
LD1-E3-1280x800-before,fig/6/5,pushbutton,B15,920.640000,105.240000,130.240000,27.720000
LD1-E3-1280x800-before,fig/6/6,pushbutton,B14,920.640000,148.360000,302.720000,46.200000
LD1-E3-1280x800-before,fig/6/7/1,radiobutton,,1072.000000,217.198000,139.251200,33.264000
LD1-E3-1280x800-before,fig/6/7/2,radiobutton,,920.640000,217.198000,139.251200,33.264000
LD1-E3-1280x800-before,fig/7/29,frame,component:M,308.672000,200.720000,285.056000,123.200000
LD1-E3-1280x800-before,fig/7/29/1,pushbutton,B06,328.625920,210.576000,245.148160,30.800000
LD1-E3-1280x800-before,fig/7/30,frame,component:VR1,635.648000,360.880000,192.832000,135.520000
LD1-E3-1280x800-before,fig/7/31,frame,component:R1,367.360000,514.880000,167.680000,86.240000
LD1-E3-1280x800-before,fig/7/32,frame,component:SRC,65.536000,336.240000,150.912000,154.000000
LD1-E3-1280x800-before,fig/7/32/1,pushbutton,B01,79.118080,351.640000,123.747840,38.500000
LD1-E3-1280x800-wired,fig/3,pushbutton,,1113.600000,744.000000,134.400000,35.200000
LD1-E3-1280x800-wired,fig/6/1,pushbutton,B13,1061.440000,105.240000,161.920000,27.720000
LD1-E3-1280x800-wired,fig/6/5,pushbutton,B15,920.640000,105.240000,130.240000,27.720000
LD1-E3-1280x800-wired,fig/6/6,pushbutton,B14,920.640000,148.360000,302.720000,46.200000
LD1-E3-1280x800-wired,fig/6/7/1,radiobutton,,1072.000000,217.198000,139.251200,33.264000
LD1-E3-1280x800-wired,fig/6/7/2,radiobutton,,920.640000,217.198000,139.251200,33.264000
LD1-E3-1280x800-wired,fig/7/29,frame,component:M,308.672000,200.720000,285.056000,123.200000
LD1-E3-1280x800-wired,fig/7/29/1,pushbutton,B06,328.625920,210.576000,245.148160,30.800000
LD1-E3-1280x800-wired,fig/7/30,frame,component:VR1,635.648000,360.880000,192.832000,135.520000
LD1-E3-1280x800-wired,fig/7/31,frame,component:R1,367.360000,514.880000,167.680000,86.240000
LD1-E3-1280x800-wired,fig/7/32,frame,component:SRC,65.536000,336.240000,150.912000,154.000000
LD1-E3-1280x800-wired,fig/7/32/1,pushbutton,B01,79.118080,351.640000,123.747840,38.500000
LD1-E4-1280x800-before,fig/3,pushbutton,,1113.600000,744.000000,134.400000,35.200000
LD1-E4-1280x800-before,fig/6/1,pushbutton,B13,1061.440000,105.240000,161.920000,27.720000
LD1-E4-1280x800-before,fig/6/5,pushbutton,B15,920.640000,105.240000,130.240000,27.720000
LD1-E4-1280x800-before,fig/6/6,pushbutton,B14,920.640000,148.360000,302.720000,46.200000
LD1-E4-1280x800-before,fig/6/7/1,radiobutton,,1072.000000,217.198000,139.251200,33.264000
LD1-E4-1280x800-before,fig/6/7/2,radiobutton,,920.640000,217.198000,139.251200,33.264000
LD1-E4-1280x800-before,fig/6/7/9,edit,,1105.299200,357.184000,118.060800,36.036000
LD1-E4-1280x800-before,fig/6/7/11,edit,,1105.299200,404.308000,118.060800,36.036000
LD1-E4-1280x800-before,fig/7/29,frame,component:M,308.672000,200.720000,285.056000,123.200000
LD1-E4-1280x800-before,fig/7/29/1,pushbutton,B06,328.625920,210.576000,245.148160,30.800000
LD1-E4-1280x800-before,fig/7/30,frame,component:VR1,635.648000,360.880000,192.832000,135.520000
LD1-E4-1280x800-before,fig/7/31,frame,component:R1,367.360000,514.880000,167.680000,86.240000
LD1-E4-1280x800-before,fig/7/32,frame,component:SRC,65.536000,336.240000,150.912000,154.000000
LD1-E4-1280x800-before,fig/7/32/1,pushbutton,B01,79.118080,351.640000,123.747840,38.500000
LD1-E4-1280x800-wired,fig/3,pushbutton,,1113.600000,744.000000,134.400000,35.200000
LD1-E4-1280x800-wired,fig/6/1,pushbutton,B13,1061.440000,105.240000,161.920000,27.720000
LD1-E4-1280x800-wired,fig/6/5,pushbutton,B15,920.640000,105.240000,130.240000,27.720000
LD1-E4-1280x800-wired,fig/6/6,pushbutton,B14,920.640000,148.360000,302.720000,46.200000
LD1-E4-1280x800-wired,fig/6/7/1,radiobutton,,1072.000000,217.198000,139.251200,33.264000
LD1-E4-1280x800-wired,fig/6/7/2,radiobutton,,920.640000,217.198000,139.251200,33.264000
LD1-E4-1280x800-wired,fig/6/7/9,edit,,1105.299200,357.184000,118.060800,36.036000
LD1-E4-1280x800-wired,fig/6/7/11,edit,,1105.299200,404.308000,118.060800,36.036000
LD1-E4-1280x800-wired,fig/7/29,frame,component:M,308.672000,200.720000,285.056000,123.200000
LD1-E4-1280x800-wired,fig/7/29/1,pushbutton,B06,328.625920,210.576000,245.148160,30.800000
LD1-E4-1280x800-wired,fig/7/30,frame,component:VR1,635.648000,360.880000,192.832000,135.520000
LD1-E4-1280x800-wired,fig/7/31,frame,component:R1,367.360000,514.880000,167.680000,86.240000
LD1-E4-1280x800-wired,fig/7/32,frame,component:SRC,65.536000,336.240000,150.912000,154.000000
LD1-E4-1280x800-wired,fig/7/32/1,pushbutton,B01,79.118080,351.640000,123.747840,38.500000
LD1-E5-1280x800-before,fig/3,pushbutton,,1113.600000,744.000000,134.400000,35.200000
LD1-E5-1280x800-before,fig/6/1,pushbutton,B13,1061.440000,105.240000,161.920000,27.720000
LD1-E5-1280x800-before,fig/6/5,pushbutton,B15,920.640000,105.240000,130.240000,27.720000
LD1-E5-1280x800-before,fig/6/6,pushbutton,B14,920.640000,148.360000,302.720000,46.200000
LD1-E5-1280x800-before,fig/6/7/4,radiobutton,,920.640000,293.428000,302.720000,41.580000
LD1-E5-1280x800-before,fig/6/7/5,radiobutton,,920.640000,343.324000,302.720000,41.580000
LD1-E5-1280x800-before,fig/6/7/6,radiobutton,,920.640000,393.220000,302.720000,41.580000
LD1-E5-1280x800-before,fig/7/2,pushbutton,B10,65.536000,111.400000,201.216000,30.800000
LD1-E5-1280x800-before,fig/7/9,pushbutton,T20,776.944000,144.992000,36.000000,40.000000
LD1-E5-1280x800-before,fig/7/10,pushbutton,T19,630.224000,144.992000,36.000000,40.000000
LD1-E5-1280x800-before,fig/7/11,pushbutton,T18,437.392000,144.992000,36.000000,40.000000
LD1-E5-1280x800-before,fig/7/12,pushbutton,T17,282.288000,144.992000,36.000000,40.000000
LD1-E5-1280x800-before,fig/7/13,pushbutton,T16,776.944000,587.280000,36.000000,40.000000
LD1-E5-1280x800-before,fig/7/14,pushbutton,T15,630.224000,587.280000,36.000000,40.000000
LD1-E5-1280x800-before,fig/7/15,pushbutton,T14,437.392000,587.280000,36.000000,40.000000
LD1-E5-1280x800-before,fig/7/16,pushbutton,T13,282.288000,587.280000,36.000000,40.000000
LD1-E5-1280x800-before,fig/7/17,pushbutton,T12,776.944000,266.960000,36.000000,40.000000
LD1-E5-1280x800-before,fig/7/18,pushbutton,T11,776.944000,488.720000,36.000000,40.000000
LD1-E5-1280x800-before,fig/7/19,pushbutton,T10,630.224000,199.200000,36.000000,40.000000
LD1-E5-1280x800-before,fig/7/20,pushbutton,T09,630.224000,354.432000,36.000000,40.000000
LD1-E5-1280x800-before,fig/7/21,pushbutton,T08,437.392000,297.760000,36.000000,40.000000
LD1-E5-1280x800-before,fig/7/22,pushbutton,T07,437.392000,470.240000,36.000000,40.000000
LD1-E5-1280x800-before,fig/7/23,pushbutton,T06,630.224000,408.640000,36.000000,40.000000
LD1-E5-1280x800-before,fig/7/24,pushbutton,T05,630.224000,531.840000,36.000000,40.000000
LD1-E5-1280x800-before,fig/7/25,pushbutton,T02,219.408000,303.920000,36.000000,40.000000
LD1-E5-1280x800-before,fig/7/26,pushbutton,T01,219.408000,457.920000,36.000000,40.000000
LD1-E5-1280x800-before,fig/7/37,frame,component:M,736.256000,317.760000,121.568000,160.160000
LD1-E5-1280x800-before,fig/7/38,frame,component:VR1,576.960000,243.840000,142.528000,104.720000
LD1-E5-1280x800-before,fig/7/39,frame,component:R2,576.960000,453.280000,142.528000,73.920000
LD1-E5-1280x800-before,fig/7/40,frame,component:R3,392.512000,348.560000,125.760000,117.040000
LD1-E5-1280x800-before,fig/7/41,frame,component:SRC,61.344000,323.920000,150.912000,154.000000
LD1-E5-1280x800-before,fig/7/41/1,pushbutton,B01,74.926080,339.320000,123.747840,38.500000
LD1-E5-1280x800-wired,fig/3,pushbutton,,1113.600000,744.000000,134.400000,35.200000
LD1-E5-1280x800-wired,fig/6/1,pushbutton,B13,1061.440000,105.240000,161.920000,27.720000
LD1-E5-1280x800-wired,fig/6/5,pushbutton,B15,920.640000,105.240000,130.240000,27.720000
LD1-E5-1280x800-wired,fig/6/6,pushbutton,B14,920.640000,148.360000,302.720000,46.200000
LD1-E5-1280x800-wired,fig/6/7/4,radiobutton,,920.640000,293.428000,302.720000,41.580000
LD1-E5-1280x800-wired,fig/6/7/5,radiobutton,,920.640000,343.324000,302.720000,41.580000
LD1-E5-1280x800-wired,fig/6/7/6,radiobutton,,920.640000,393.220000,302.720000,41.580000
LD1-E5-1280x800-wired,fig/7/2,pushbutton,B10,65.536000,111.400000,201.216000,30.800000
LD1-E5-1280x800-wired,fig/7/22,pushbutton,T20,776.944000,144.992000,36.000000,40.000000
LD1-E5-1280x800-wired,fig/7/23,pushbutton,T19,630.224000,144.992000,36.000000,40.000000
LD1-E5-1280x800-wired,fig/7/24,pushbutton,T18,437.392000,144.992000,36.000000,40.000000
LD1-E5-1280x800-wired,fig/7/25,pushbutton,T17,282.288000,144.992000,36.000000,40.000000
LD1-E5-1280x800-wired,fig/7/26,pushbutton,T16,776.944000,587.280000,36.000000,40.000000
LD1-E5-1280x800-wired,fig/7/27,pushbutton,T15,630.224000,587.280000,36.000000,40.000000
LD1-E5-1280x800-wired,fig/7/28,pushbutton,T14,437.392000,587.280000,36.000000,40.000000
LD1-E5-1280x800-wired,fig/7/29,pushbutton,T13,282.288000,587.280000,36.000000,40.000000
LD1-E5-1280x800-wired,fig/7/30,pushbutton,T12,776.944000,266.960000,36.000000,40.000000
LD1-E5-1280x800-wired,fig/7/31,pushbutton,T11,776.944000,488.720000,36.000000,40.000000
LD1-E5-1280x800-wired,fig/7/32,pushbutton,T10,630.224000,199.200000,36.000000,40.000000
LD1-E5-1280x800-wired,fig/7/33,pushbutton,T09,630.224000,354.432000,36.000000,40.000000
LD1-E5-1280x800-wired,fig/7/34,pushbutton,T08,437.392000,297.760000,36.000000,40.000000
LD1-E5-1280x800-wired,fig/7/35,pushbutton,T07,437.392000,470.240000,36.000000,40.000000
LD1-E5-1280x800-wired,fig/7/36,pushbutton,T06,630.224000,408.640000,36.000000,40.000000
LD1-E5-1280x800-wired,fig/7/37,pushbutton,T05,630.224000,531.840000,36.000000,40.000000
LD1-E5-1280x800-wired,fig/7/38,pushbutton,T02,219.408000,303.920000,36.000000,40.000000
LD1-E5-1280x800-wired,fig/7/39,pushbutton,T01,219.408000,457.920000,36.000000,40.000000
LD1-E5-1280x800-wired,fig/7/50,frame,component:M,736.256000,317.760000,121.568000,160.160000
LD1-E5-1280x800-wired,fig/7/51,frame,component:VR1,576.960000,243.840000,142.528000,104.720000
LD1-E5-1280x800-wired,fig/7/52,frame,component:R2,576.960000,453.280000,142.528000,73.920000
LD1-E5-1280x800-wired,fig/7/53,frame,component:R3,392.512000,348.560000,125.760000,117.040000
LD1-E5-1280x800-wired,fig/7/54,frame,component:SRC,61.344000,323.920000,150.912000,154.000000
LD1-E5-1280x800-wired,fig/7/54/1,pushbutton,B01,74.926080,339.320000,123.747840,38.500000
LD1-E6-1280x800-before,fig/3,pushbutton,,1113.600000,744.000000,134.400000,35.200000
LD1-E6-1280x800-before,fig/6/1,pushbutton,B13,1061.440000,105.240000,161.920000,27.720000
LD1-E6-1280x800-before,fig/6/5,pushbutton,B15,920.640000,105.240000,130.240000,27.720000
LD1-E6-1280x800-before,fig/6/6,pushbutton,B14,920.640000,148.360000,302.720000,46.200000
LD1-E6-1280x800-before,fig/6/7/1,radiobutton,,1072.000000,217.198000,139.251200,33.264000
LD1-E6-1280x800-before,fig/6/7/2,radiobutton,,920.640000,217.198000,139.251200,33.264000
LD1-E6-1280x800-before,fig/6/7/11,edit,,1105.299200,404.308000,118.060800,36.036000
LD1-E6-1280x800-before,fig/7/52,frame,component:M,736.256000,317.760000,121.568000,160.160000
LD1-E6-1280x800-before,fig/7/52/1,pushbutton,B06,744.765760,330.572800,104.548480,40.040000
LD1-E6-1280x800-before,fig/7/53,frame,component:VR1,576.960000,243.840000,142.528000,104.720000
LD1-E6-1280x800-before,fig/7/54,frame,component:R2,576.960000,453.280000,142.528000,73.920000
LD1-E6-1280x800-before,fig/7/55,frame,component:R3,392.512000,348.560000,125.760000,117.040000
LD1-E6-1280x800-before,fig/7/56,frame,component:SRC,61.344000,323.920000,150.912000,154.000000
LD1-E6-1280x800-before,fig/7/56/1,pushbutton,B01,74.926080,339.320000,123.747840,38.500000
LD1-E6-1280x800-wired,fig/3,pushbutton,,1113.600000,744.000000,134.400000,35.200000
LD1-E6-1280x800-wired,fig/6/1,pushbutton,B13,1061.440000,105.240000,161.920000,27.720000
LD1-E6-1280x800-wired,fig/6/5,pushbutton,B15,920.640000,105.240000,130.240000,27.720000
LD1-E6-1280x800-wired,fig/6/6,pushbutton,B14,920.640000,148.360000,302.720000,46.200000
LD1-E6-1280x800-wired,fig/6/7/1,radiobutton,,1072.000000,217.198000,139.251200,33.264000
LD1-E6-1280x800-wired,fig/6/7/2,radiobutton,,920.640000,217.198000,139.251200,33.264000
LD1-E6-1280x800-wired,fig/6/7/11,edit,,1105.299200,404.308000,118.060800,36.036000
LD1-E6-1280x800-wired,fig/7/52,frame,component:M,736.256000,317.760000,121.568000,160.160000
LD1-E6-1280x800-wired,fig/7/52/1,pushbutton,B06,744.765760,330.572800,104.548480,40.040000
LD1-E6-1280x800-wired,fig/7/53,frame,component:VR1,576.960000,243.840000,142.528000,104.720000
LD1-E6-1280x800-wired,fig/7/54,frame,component:R2,576.960000,453.280000,142.528000,73.920000
LD1-E6-1280x800-wired,fig/7/55,frame,component:R3,392.512000,348.560000,125.760000,117.040000
LD1-E6-1280x800-wired,fig/7/56,frame,component:SRC,61.344000,323.920000,150.912000,154.000000
LD1-E6-1280x800-wired,fig/7/56/1,pushbutton,B01,74.926080,339.320000,123.747840,38.500000
LD1-E7-1280x800-before,fig/3,pushbutton,,1113.600000,744.000000,134.400000,35.200000
LD1-E7-1280x800-before,fig/6/1,pushbutton,B13,1061.440000,105.240000,161.920000,27.720000
LD1-E7-1280x800-before,fig/6/5,pushbutton,B15,920.640000,105.240000,130.240000,27.720000
LD1-E7-1280x800-before,fig/6/6,pushbutton,B14,920.640000,148.360000,302.720000,46.200000
LD1-E7-1280x800-before,fig/6/7/1,radiobutton,,1072.000000,217.198000,139.251200,33.264000
LD1-E7-1280x800-before,fig/6/7/2,radiobutton,,920.640000,217.198000,139.251200,33.264000
LD1-E7-1280x800-before,fig/7/52,frame,component:M,736.256000,317.760000,121.568000,160.160000
LD1-E7-1280x800-before,fig/7/52/1,pushbutton,B06,744.765760,330.572800,104.548480,40.040000
LD1-E7-1280x800-before,fig/7/53,frame,component:VR1,576.960000,243.840000,142.528000,104.720000
LD1-E7-1280x800-before,fig/7/53/1,pushbutton,B03,589.787520,250.123200,116.872960,27.227200
LD1-E7-1280x800-before,fig/7/54,frame,component:R2,576.960000,453.280000,142.528000,73.920000
LD1-E7-1280x800-before,fig/7/55,frame,component:R3,392.512000,348.560000,125.760000,117.040000
LD1-E7-1280x800-before,fig/7/56,frame,component:SRC,61.344000,323.920000,150.912000,154.000000
LD1-E7-1280x800-before,fig/7/56/1,pushbutton,B01,74.926080,339.320000,123.747840,38.500000
LD1-E7-1280x800-wired,fig/3,pushbutton,,1113.600000,744.000000,134.400000,35.200000
LD1-E7-1280x800-wired,fig/6/1,pushbutton,B13,1061.440000,105.240000,161.920000,27.720000
LD1-E7-1280x800-wired,fig/6/5,pushbutton,B15,920.640000,105.240000,130.240000,27.720000
LD1-E7-1280x800-wired,fig/6/6,pushbutton,B14,920.640000,148.360000,302.720000,46.200000
LD1-E7-1280x800-wired,fig/6/7/1,radiobutton,,1072.000000,217.198000,139.251200,33.264000
LD1-E7-1280x800-wired,fig/6/7/2,radiobutton,,920.640000,217.198000,139.251200,33.264000
LD1-E7-1280x800-wired,fig/7/52,frame,component:M,736.256000,317.760000,121.568000,160.160000
LD1-E7-1280x800-wired,fig/7/52/1,pushbutton,B06,744.765760,330.572800,104.548480,40.040000
LD1-E7-1280x800-wired,fig/7/53,frame,component:VR1,576.960000,243.840000,142.528000,104.720000
LD1-E7-1280x800-wired,fig/7/53/1,pushbutton,B03,589.787520,250.123200,116.872960,27.227200
LD1-E7-1280x800-wired,fig/7/54,frame,component:R2,576.960000,453.280000,142.528000,73.920000
LD1-E7-1280x800-wired,fig/7/55,frame,component:R3,392.512000,348.560000,125.760000,117.040000
LD1-E7-1280x800-wired,fig/7/56,frame,component:SRC,61.344000,323.920000,150.912000,154.000000
LD1-E7-1280x800-wired,fig/7/56/1,pushbutton,B01,74.926080,339.320000,123.747840,38.500000
LD1-E8-1280x800-before,fig/3,pushbutton,,1113.600000,744.000000,134.400000,35.200000
LD1-E8-1280x800-before,fig/6/1,pushbutton,B13,1061.440000,105.240000,161.920000,27.720000
LD1-E8-1280x800-before,fig/6/5,pushbutton,B15,920.640000,105.240000,130.240000,27.720000
LD1-E8-1280x800-before,fig/6/6,pushbutton,B14,920.640000,148.360000,302.720000,46.200000
LD1-E8-1280x800-before,fig/6/7/1,radiobutton,,1072.000000,217.198000,139.251200,33.264000
LD1-E8-1280x800-before,fig/6/7/2,radiobutton,,920.640000,217.198000,139.251200,33.264000
LD1-E8-1280x800-before,fig/6/7/7,edit,,1105.299200,310.060000,118.060800,36.036000
LD1-E8-1280x800-before,fig/6/7/9,edit,,1105.299200,357.184000,118.060800,36.036000
LD1-E8-1280x800-before,fig/6/7/11,edit,,1105.299200,404.308000,118.060800,36.036000
LD1-E8-1280x800-before,fig/7/2,pushbutton,B10,65.536000,111.400000,201.216000,30.800000
LD1-E8-1280x800-before,fig/7/27,pushbutton,T13,282.288000,587.280000,36.000000,40.000000
LD1-E8-1280x800-before,fig/7/28,pushbutton,T12,236.176000,602.680000,36.000000,40.000000
LD1-E8-1280x800-before,fig/7/29,pushbutton,T11,236.176000,538.000000,36.000000,40.000000
LD1-E8-1280x800-before,fig/7/37,pushbutton,T01,219.408000,457.920000,36.000000,40.000000
LD1-E8-1280x800-before,fig/7/48,frame,component:M,61.344000,527.200000,171.872000,117.040000
LD1-E8-1280x800-before,fig/7/48/1,pushbutton,B06,73.375040,536.563200,147.809920,29.260000
LD1-E8-1280x800-before,fig/7/49,frame,component:VR1,576.960000,243.840000,142.528000,104.720000
LD1-E8-1280x800-before,fig/7/50,frame,component:R2,576.960000,453.280000,142.528000,73.920000
LD1-E8-1280x800-before,fig/7/51,frame,component:R3,392.512000,348.560000,125.760000,117.040000
LD1-E8-1280x800-before,fig/7/52,frame,component:SRC,61.344000,323.920000,150.912000,154.000000
LD1-E8-1280x800-before,fig/7/52/1,pushbutton,B01,74.926080,339.320000,123.747840,38.500000
LD1-E8-1280x800-wired,fig/3,pushbutton,,1113.600000,744.000000,134.400000,35.200000
LD1-E8-1280x800-wired,fig/6/1,pushbutton,B13,1061.440000,105.240000,161.920000,27.720000
LD1-E8-1280x800-wired,fig/6/5,pushbutton,B15,920.640000,105.240000,130.240000,27.720000
LD1-E8-1280x800-wired,fig/6/6,pushbutton,B14,920.640000,148.360000,302.720000,46.200000
LD1-E8-1280x800-wired,fig/6/7/1,radiobutton,,1072.000000,217.198000,139.251200,33.264000
LD1-E8-1280x800-wired,fig/6/7/2,radiobutton,,920.640000,217.198000,139.251200,33.264000
LD1-E8-1280x800-wired,fig/6/7/7,edit,,1105.299200,310.060000,118.060800,36.036000
LD1-E8-1280x800-wired,fig/6/7/9,edit,,1105.299200,357.184000,118.060800,36.036000
LD1-E8-1280x800-wired,fig/6/7/11,edit,,1105.299200,404.308000,118.060800,36.036000
LD1-E8-1280x800-wired,fig/7/2,pushbutton,B10,65.536000,111.400000,201.216000,30.800000
LD1-E8-1280x800-wired,fig/7/31,pushbutton,T13,282.288000,587.280000,36.000000,40.000000
LD1-E8-1280x800-wired,fig/7/32,pushbutton,T12,236.176000,602.680000,36.000000,40.000000
LD1-E8-1280x800-wired,fig/7/33,pushbutton,T11,236.176000,538.000000,36.000000,40.000000
LD1-E8-1280x800-wired,fig/7/41,pushbutton,T01,219.408000,457.920000,36.000000,40.000000
LD1-E8-1280x800-wired,fig/7/52,frame,component:M,61.344000,527.200000,171.872000,117.040000
LD1-E8-1280x800-wired,fig/7/52/1,pushbutton,B06,73.375040,536.563200,147.809920,29.260000
LD1-E8-1280x800-wired,fig/7/53,frame,component:VR1,576.960000,243.840000,142.528000,104.720000
LD1-E8-1280x800-wired,fig/7/54,frame,component:R2,576.960000,453.280000,142.528000,73.920000
LD1-E8-1280x800-wired,fig/7/55,frame,component:R3,392.512000,348.560000,125.760000,117.040000
LD1-E8-1280x800-wired,fig/7/56,frame,component:SRC,61.344000,323.920000,150.912000,154.000000
LD1-E8-1280x800-wired,fig/7/56/1,pushbutton,B01,74.926080,339.320000,123.747840,38.500000
LD1-E9-1280x800-before,fig/3,pushbutton,,1113.600000,744.000000,134.400000,35.200000
LD1-E9-1280x800-before,fig/6/1,pushbutton,B13,1061.440000,105.240000,161.920000,27.720000
LD1-E9-1280x800-before,fig/6/5,pushbutton,B15,920.640000,105.240000,130.240000,27.720000
LD1-E9-1280x800-before,fig/6/6,pushbutton,B14,920.640000,148.360000,302.720000,46.200000
LD2-E1-1280x800-before,fig/3/1,pushbutton,B35,920.640000,105.240000,130.240000,27.720000
LD2-E1-1280x800-before,fig/3/2,pushbutton,B04,920.640000,148.360000,302.720000,46.200000
LD2-E1-1280x800-before,fig/5,pushbutton,,1113.600000,744.000000,134.400000,35.200000
LD2-E2-1280x800-before,fig/3/1,pushbutton,B35,920.640000,105.240000,130.240000,27.720000
LD2-E2-1280x800-before,fig/3/2,pushbutton,B04,920.640000,148.360000,302.720000,46.200000
LD2-E2-1280x800-before,fig/4/1,pushbutton,B11,65.536000,117.560000,192.832000,33.880000
LD2-E2-1280x800-before,fig/4/8,pushbutton,T14,723.286400,457.304000,36.000000,40.000000
LD2-E2-1280x800-before,fig/4/10,pushbutton,T13,589.142400,457.304000,36.000000,40.000000
LD2-E2-1280x800-before,fig/4/12,pushbutton,T10,538.838400,457.304000,36.000000,40.000000
LD2-E2-1280x800-before,fig/4/14,pushbutton,T09,404.694400,457.304000,36.000000,40.000000
LD2-E2-1280x800-before,fig/4/16,pushbutton,T06,354.390400,457.304000,36.000000,40.000000
LD2-E2-1280x800-before,fig/4/18,pushbutton,T05,238.691200,457.304000,36.000000,40.000000
LD2-E2-1280x800-before,fig/4/20,pushbutton,T02,194.675200,343.344000,36.000000,40.000000
LD2-E2-1280x800-before,fig/4/22,pushbutton,T01,194.675200,423.424000,36.000000,40.000000
LD2-E2-1280x800-before,fig/4/24,frame,component:C2,628.940800,434.800000,90.547200,86.240000
LD2-E2-1280x800-before,fig/4/25,frame,component:R8,444.492800,434.800000,90.547200,86.240000
LD2-E2-1280x800-before,fig/4/26,frame,component:AM,277.651200,425.560000,74.617600,117.040000
LD2-E2-1280x800-before,fig/4/27,frame,component:GEN,65.536000,342.400000,125.760000,147.840000
LD2-E2-1280x800-before,fig/4/27/1,pushbutton,B09,74.339200,351.270400,108.153600,32.524800
LD2-E2-1280x800-before,fig/5,pushbutton,,1113.600000,744.000000,134.400000,35.200000
LD2-E2-1280x800-wired,fig/3/1,pushbutton,B35,920.640000,105.240000,130.240000,27.720000
LD2-E2-1280x800-wired,fig/3/2,pushbutton,B04,920.640000,148.360000,302.720000,46.200000
LD2-E2-1280x800-wired,fig/4/1,pushbutton,B11,65.536000,117.560000,192.832000,33.880000
LD2-E2-1280x800-wired,fig/4/15,pushbutton,T14,723.286400,457.304000,36.000000,40.000000
LD2-E2-1280x800-wired,fig/4/17,pushbutton,T13,589.142400,457.304000,36.000000,40.000000
LD2-E2-1280x800-wired,fig/4/19,pushbutton,T10,538.838400,457.304000,36.000000,40.000000
LD2-E2-1280x800-wired,fig/4/21,pushbutton,T09,404.694400,457.304000,36.000000,40.000000
LD2-E2-1280x800-wired,fig/4/23,pushbutton,T06,354.390400,457.304000,36.000000,40.000000
LD2-E2-1280x800-wired,fig/4/25,pushbutton,T05,238.691200,457.304000,36.000000,40.000000
LD2-E2-1280x800-wired,fig/4/27,pushbutton,T02,194.675200,343.344000,36.000000,40.000000
LD2-E2-1280x800-wired,fig/4/29,pushbutton,T01,194.675200,423.424000,36.000000,40.000000
LD2-E2-1280x800-wired,fig/4/31,frame,component:C2,628.940800,434.800000,90.547200,86.240000
LD2-E2-1280x800-wired,fig/4/32,frame,component:R8,444.492800,434.800000,90.547200,86.240000
LD2-E2-1280x800-wired,fig/4/33,frame,component:AM,277.651200,425.560000,74.617600,117.040000
LD2-E2-1280x800-wired,fig/4/34,frame,component:GEN,65.536000,342.400000,125.760000,147.840000
LD2-E2-1280x800-wired,fig/4/34/1,pushbutton,B09,74.339200,351.270400,108.153600,32.524800
LD2-E2-1280x800-wired,fig/5,pushbutton,,1113.600000,744.000000,134.400000,35.200000
LD2-E3-1280x800-before,fig/3/1,pushbutton,B35,920.640000,105.240000,130.240000,27.720000
LD2-E3-1280x800-before,fig/3/2,pushbutton,B04,920.640000,148.360000,302.720000,46.200000
LD2-E3-1280x800-before,fig/3/3,edit,A03.07,1114.240000,202.568000,109.120000,30.800000
LD2-E3-1280x800-before,fig/3/5,edit,A03.06,1114.240000,237.680000,109.120000,30.800000
LD2-E3-1280x800-before,fig/3/7,edit,A03.05,1114.240000,272.792000,109.120000,30.800000
LD2-E3-1280x800-before,fig/3/9,edit,A03.04,1114.240000,307.904000,109.120000,30.800000
LD2-E3-1280x800-before,fig/3/11,edit,A03.03,1114.240000,343.016000,109.120000,30.800000
LD2-E3-1280x800-before,fig/3/13,edit,A03.02,1114.240000,378.128000,109.120000,30.800000
LD2-E3-1280x800-before,fig/3/15,edit,A03.01,1114.240000,413.240000,109.120000,30.800000
LD2-E3-1280x800-before,fig/4/7,frame,component:C2,628.940800,434.800000,90.547200,86.240000
LD2-E3-1280x800-before,fig/4/8,frame,component:R8,444.492800,434.800000,90.547200,86.240000
LD2-E3-1280x800-before,fig/4/9,frame,component:AM,277.651200,425.560000,74.617600,117.040000
LD2-E3-1280x800-before,fig/4/10,frame,component:GEN,65.536000,342.400000,125.760000,147.840000
LD2-E3-1280x800-before,fig/4/10/1,pushbutton,B09,74.339200,351.270400,108.153600,32.524800
LD2-E3-1280x800-before,fig/5,pushbutton,,1113.600000,744.000000,134.400000,35.200000
LD2-E3-1280x800-wired,fig/3/1,pushbutton,B35,920.640000,105.240000,130.240000,27.720000
LD2-E3-1280x800-wired,fig/3/2,pushbutton,B04,920.640000,148.360000,302.720000,46.200000
LD2-E3-1280x800-wired,fig/3/3,edit,A03.07,1114.240000,202.568000,109.120000,30.800000
LD2-E3-1280x800-wired,fig/3/5,edit,A03.06,1114.240000,237.680000,109.120000,30.800000
LD2-E3-1280x800-wired,fig/3/7,edit,A03.05,1114.240000,272.792000,109.120000,30.800000
LD2-E3-1280x800-wired,fig/3/9,edit,A03.04,1114.240000,307.904000,109.120000,30.800000
LD2-E3-1280x800-wired,fig/3/11,edit,A03.03,1114.240000,343.016000,109.120000,30.800000
LD2-E3-1280x800-wired,fig/3/13,edit,A03.02,1114.240000,378.128000,109.120000,30.800000
LD2-E3-1280x800-wired,fig/3/15,edit,A03.01,1114.240000,413.240000,109.120000,30.800000
LD2-E3-1280x800-wired,fig/4/14,pushbutton,T14,723.286400,457.304000,36.000000,40.000000
LD2-E3-1280x800-wired,fig/4/16,pushbutton,T13,589.142400,457.304000,36.000000,40.000000
LD2-E3-1280x800-wired,fig/4/18,pushbutton,T10,538.838400,457.304000,36.000000,40.000000
LD2-E3-1280x800-wired,fig/4/20,pushbutton,T09,404.694400,457.304000,36.000000,40.000000
LD2-E3-1280x800-wired,fig/4/22,pushbutton,T06,354.390400,457.304000,36.000000,40.000000
LD2-E3-1280x800-wired,fig/4/24,pushbutton,T05,238.691200,457.304000,36.000000,40.000000
LD2-E3-1280x800-wired,fig/4/26,pushbutton,T02,194.675200,343.344000,36.000000,40.000000
LD2-E3-1280x800-wired,fig/4/28,pushbutton,T01,194.675200,423.424000,36.000000,40.000000
LD2-E3-1280x800-wired,fig/4/30,frame,component:C2,628.940800,434.800000,90.547200,86.240000
LD2-E3-1280x800-wired,fig/4/31,frame,component:R8,444.492800,434.800000,90.547200,86.240000
LD2-E3-1280x800-wired,fig/4/32,frame,component:AM,277.651200,425.560000,74.617600,117.040000
LD2-E3-1280x800-wired,fig/4/33,frame,component:GEN,65.536000,342.400000,125.760000,147.840000
LD2-E3-1280x800-wired,fig/4/33/1,pushbutton,B09,74.339200,351.270400,108.153600,32.524800
LD2-E3-1280x800-wired,fig/5,pushbutton,,1113.600000,744.000000,134.400000,35.200000
LD2-E4-1280x800-before,fig/3/1,pushbutton,B35,920.640000,105.240000,130.240000,27.720000
LD2-E4-1280x800-before,fig/3/2,pushbutton,B04,920.640000,148.360000,302.720000,46.200000
LD2-E4-1280x800-before,fig/3/3,edit,A04.02,1114.240000,378.128000,109.120000,30.800000
LD2-E4-1280x800-before,fig/3/5,edit,A04.01,1114.240000,413.240000,109.120000,30.800000
LD2-E4-1280x800-before,fig/4/1,pushbutton,B33,660.800000,166.840000,176.064000,33.880000
LD2-E4-1280x800-before,fig/4/2,pushbutton,B13,660.800000,117.560000,176.064000,33.880000
LD2-E4-1280x800-before,fig/4/9,pushbutton,T08,516.201600,263.264000,36.000000,40.000000
LD2-E4-1280x800-before,fig/4/11,pushbutton,T07,390.441600,263.264000,36.000000,40.000000
LD2-E4-1280x800-before,fig/4/13,pushbutton,T16,689.750400,392.624000,36.000000,40.000000
LD2-E4-1280x800-before,fig/4/15,pushbutton,T15,622.678400,392.624000,36.000000,40.000000
LD2-E4-1280x800-before,fig/4/17,pushbutton,T12,505.302400,392.624000,36.000000,40.000000
LD2-E4-1280x800-before,fig/4/19,pushbutton,T11,438.230400,392.624000,36.000000,40.000000
LD2-E4-1280x800-before,fig/4/21,pushbutton,T04,88.617600,294.064000,36.000000,40.000000
LD2-E4-1280x800-before,fig/4/23,pushbutton,T03,88.617600,518.904000,36.000000,40.000000
LD2-E4-1280x800-before,fig/4/25,frame,component:VM,375.744000,157.600000,234.752000,98.560000
LD2-E4-1280x800-before,fig/4/25/1,pushbutton,B15,392.176640,163.513600,201.886720,28.582400
LD2-E4-1280x800-before,fig/4/26,frame,component:C2,628.940800,434.800000,90.547200,86.240000
LD2-E4-1280x800-before,fig/4/27,frame,component:R8,444.492800,434.800000,90.547200,86.240000
LD2-E4-1280x800-before,fig/4/28,frame,component:AM,277.651200,425.560000,74.617600,117.040000
LD2-E4-1280x800-before,fig/4/28/1,pushbutton,B14,282.128256,432.582400,65.663488,28.089600
LD2-E4-1280x800-before,fig/4/29,frame,component:GEN,65.536000,342.400000,125.760000,147.840000
LD2-E4-1280x800-before,fig/4/29/1,pushbutton,B09,74.339200,351.270400,108.153600,32.524800
LD2-E4-1280x800-before,fig/5,pushbutton,,1113.600000,744.000000,134.400000,35.200000
LD2-E4-1280x800-wired,fig/3/1,pushbutton,B35,920.640000,105.240000,130.240000,27.720000
LD2-E4-1280x800-wired,fig/3/2,pushbutton,B04,920.640000,148.360000,302.720000,46.200000
LD2-E4-1280x800-wired,fig/3/3,edit,A04.02,1114.240000,378.128000,109.120000,30.800000
LD2-E4-1280x800-wired,fig/3/5,edit,A04.01,1114.240000,413.240000,109.120000,30.800000
LD2-E4-1280x800-wired,fig/4/1,pushbutton,B33,660.800000,166.840000,176.064000,33.880000
LD2-E4-1280x800-wired,fig/4/2,pushbutton,B13,660.800000,117.560000,176.064000,33.880000
LD2-E4-1280x800-wired,fig/4/22,pushbutton,T08,516.201600,263.264000,36.000000,40.000000
LD2-E4-1280x800-wired,fig/4/24,pushbutton,T07,390.441600,263.264000,36.000000,40.000000
LD2-E4-1280x800-wired,fig/4/26,pushbutton,T16,689.750400,392.624000,36.000000,40.000000
LD2-E4-1280x800-wired,fig/4/28,pushbutton,T15,622.678400,392.624000,36.000000,40.000000
LD2-E4-1280x800-wired,fig/4/30,pushbutton,T14,723.286400,457.304000,36.000000,40.000000
LD2-E4-1280x800-wired,fig/4/32,pushbutton,T13,589.142400,457.304000,36.000000,40.000000
LD2-E4-1280x800-wired,fig/4/34,pushbutton,T12,505.302400,392.624000,36.000000,40.000000
LD2-E4-1280x800-wired,fig/4/36,pushbutton,T11,438.230400,392.624000,36.000000,40.000000
LD2-E4-1280x800-wired,fig/4/38,pushbutton,T10,538.838400,457.304000,36.000000,40.000000
LD2-E4-1280x800-wired,fig/4/40,pushbutton,T09,404.694400,457.304000,36.000000,40.000000
LD2-E4-1280x800-wired,fig/4/42,pushbutton,T06,354.390400,457.304000,36.000000,40.000000
LD2-E4-1280x800-wired,fig/4/44,pushbutton,T05,238.691200,457.304000,36.000000,40.000000
LD2-E4-1280x800-wired,fig/4/46,pushbutton,T04,88.617600,294.064000,36.000000,40.000000
LD2-E4-1280x800-wired,fig/4/48,pushbutton,T03,88.617600,518.904000,36.000000,40.000000
LD2-E4-1280x800-wired,fig/4/50,pushbutton,T02,194.675200,343.344000,36.000000,40.000000
LD2-E4-1280x800-wired,fig/4/52,pushbutton,T01,194.675200,423.424000,36.000000,40.000000
LD2-E4-1280x800-wired,fig/4/54,frame,component:VM,375.744000,157.600000,234.752000,98.560000
LD2-E4-1280x800-wired,fig/4/54/1,pushbutton,B15,392.176640,163.513600,201.886720,28.582400
LD2-E4-1280x800-wired,fig/4/55,frame,component:C2,628.940800,434.800000,90.547200,86.240000
LD2-E4-1280x800-wired,fig/4/56,frame,component:R8,444.492800,434.800000,90.547200,86.240000
LD2-E4-1280x800-wired,fig/4/57,frame,component:AM,277.651200,425.560000,74.617600,117.040000
LD2-E4-1280x800-wired,fig/4/57/1,pushbutton,B14,282.128256,432.582400,65.663488,28.089600
LD2-E4-1280x800-wired,fig/4/58,frame,component:GEN,65.536000,342.400000,125.760000,147.840000
LD2-E4-1280x800-wired,fig/4/58/1,pushbutton,B09,74.339200,351.270400,108.153600,32.524800
LD2-E4-1280x800-wired,fig/5,pushbutton,,1113.600000,744.000000,134.400000,35.200000
LD2-E5-1280x800-before,fig/3/1,pushbutton,B35,920.640000,105.240000,130.240000,27.720000
LD2-E5-1280x800-before,fig/3/2,pushbutton,B04,920.640000,148.360000,302.720000,46.200000
LD2-E5-1280x800-before,fig/4/1,pushbutton,B11,65.536000,117.560000,192.832000,33.880000
LD2-E5-1280x800-before,fig/4/8,pushbutton,T22,723.286400,457.304000,36.000000,40.000000
LD2-E5-1280x800-before,fig/4/10,pushbutton,T21,589.142400,457.304000,36.000000,40.000000
LD2-E5-1280x800-before,fig/4/12,pushbutton,T18,538.838400,457.304000,36.000000,40.000000
LD2-E5-1280x800-before,fig/4/14,pushbutton,T17,404.694400,457.304000,36.000000,40.000000
LD2-E5-1280x800-before,fig/4/16,pushbutton,T06,354.390400,457.304000,36.000000,40.000000
LD2-E5-1280x800-before,fig/4/18,pushbutton,T05,238.691200,457.304000,36.000000,40.000000
LD2-E5-1280x800-before,fig/4/20,pushbutton,T02,194.675200,343.344000,36.000000,40.000000
LD2-E5-1280x800-before,fig/4/22,pushbutton,T01,194.675200,423.424000,36.000000,40.000000
LD2-E5-1280x800-before,fig/4/24,frame,component:L1,628.940800,434.800000,90.547200,86.240000
LD2-E5-1280x800-before,fig/4/25,frame,component:R9,444.492800,434.800000,90.547200,86.240000
LD2-E5-1280x800-before,fig/4/26,frame,component:AM,277.651200,425.560000,74.617600,117.040000
LD2-E5-1280x800-before,fig/4/27,frame,component:GEN,65.536000,342.400000,125.760000,147.840000
LD2-E5-1280x800-before,fig/4/27/1,pushbutton,B09,74.339200,351.270400,108.153600,32.524800
LD2-E5-1280x800-before,fig/5,pushbutton,,1113.600000,744.000000,134.400000,35.200000
LD2-E5-1280x800-wired,fig/3/1,pushbutton,B35,920.640000,105.240000,130.240000,27.720000
LD2-E5-1280x800-wired,fig/3/2,pushbutton,B04,920.640000,148.360000,302.720000,46.200000
LD2-E5-1280x800-wired,fig/4/1,pushbutton,B11,65.536000,117.560000,192.832000,33.880000
LD2-E5-1280x800-wired,fig/4/15,pushbutton,T22,723.286400,457.304000,36.000000,40.000000
LD2-E5-1280x800-wired,fig/4/17,pushbutton,T21,589.142400,457.304000,36.000000,40.000000
LD2-E5-1280x800-wired,fig/4/19,pushbutton,T18,538.838400,457.304000,36.000000,40.000000
LD2-E5-1280x800-wired,fig/4/21,pushbutton,T17,404.694400,457.304000,36.000000,40.000000
LD2-E5-1280x800-wired,fig/4/23,pushbutton,T06,354.390400,457.304000,36.000000,40.000000
LD2-E5-1280x800-wired,fig/4/25,pushbutton,T05,238.691200,457.304000,36.000000,40.000000
LD2-E5-1280x800-wired,fig/4/27,pushbutton,T02,194.675200,343.344000,36.000000,40.000000
LD2-E5-1280x800-wired,fig/4/29,pushbutton,T01,194.675200,423.424000,36.000000,40.000000
LD2-E5-1280x800-wired,fig/4/31,frame,component:L1,628.940800,434.800000,90.547200,86.240000
LD2-E5-1280x800-wired,fig/4/32,frame,component:R9,444.492800,434.800000,90.547200,86.240000
LD2-E5-1280x800-wired,fig/4/33,frame,component:AM,277.651200,425.560000,74.617600,117.040000
LD2-E5-1280x800-wired,fig/4/34,frame,component:GEN,65.536000,342.400000,125.760000,147.840000
LD2-E5-1280x800-wired,fig/4/34/1,pushbutton,B09,74.339200,351.270400,108.153600,32.524800
LD2-E5-1280x800-wired,fig/5,pushbutton,,1113.600000,744.000000,134.400000,35.200000
LD2-E6-1280x800-before,fig/3/1,pushbutton,B35,920.640000,105.240000,130.240000,27.720000
LD2-E6-1280x800-before,fig/3/2,pushbutton,B04,920.640000,148.360000,302.720000,46.200000
LD2-E6-1280x800-before,fig/3/3,edit,A06.07,1114.240000,202.568000,109.120000,30.800000
LD2-E6-1280x800-before,fig/3/5,edit,A06.06,1114.240000,237.680000,109.120000,30.800000
LD2-E6-1280x800-before,fig/3/7,edit,A06.05,1114.240000,272.792000,109.120000,30.800000
LD2-E6-1280x800-before,fig/3/9,edit,A06.04,1114.240000,307.904000,109.120000,30.800000
LD2-E6-1280x800-before,fig/3/11,edit,A06.03,1114.240000,343.016000,109.120000,30.800000
LD2-E6-1280x800-before,fig/3/13,edit,A06.02,1114.240000,378.128000,109.120000,30.800000
LD2-E6-1280x800-before,fig/3/15,edit,A06.01,1114.240000,413.240000,109.120000,30.800000
LD2-E6-1280x800-before,fig/4/7,frame,component:L1,628.940800,434.800000,90.547200,86.240000
LD2-E6-1280x800-before,fig/4/8,frame,component:R9,444.492800,434.800000,90.547200,86.240000
LD2-E6-1280x800-before,fig/4/9,frame,component:AM,277.651200,425.560000,74.617600,117.040000
LD2-E6-1280x800-before,fig/4/10,frame,component:GEN,65.536000,342.400000,125.760000,147.840000
LD2-E6-1280x800-before,fig/4/10/1,pushbutton,B09,74.339200,351.270400,108.153600,32.524800
LD2-E6-1280x800-before,fig/5,pushbutton,,1113.600000,744.000000,134.400000,35.200000
LD2-E6-1280x800-wired,fig/3/1,pushbutton,B35,920.640000,105.240000,130.240000,27.720000
LD2-E6-1280x800-wired,fig/3/2,pushbutton,B04,920.640000,148.360000,302.720000,46.200000
LD2-E6-1280x800-wired,fig/3/3,edit,A06.07,1114.240000,202.568000,109.120000,30.800000
LD2-E6-1280x800-wired,fig/3/5,edit,A06.06,1114.240000,237.680000,109.120000,30.800000
LD2-E6-1280x800-wired,fig/3/7,edit,A06.05,1114.240000,272.792000,109.120000,30.800000
LD2-E6-1280x800-wired,fig/3/9,edit,A06.04,1114.240000,307.904000,109.120000,30.800000
LD2-E6-1280x800-wired,fig/3/11,edit,A06.03,1114.240000,343.016000,109.120000,30.800000
LD2-E6-1280x800-wired,fig/3/13,edit,A06.02,1114.240000,378.128000,109.120000,30.800000
LD2-E6-1280x800-wired,fig/3/15,edit,A06.01,1114.240000,413.240000,109.120000,30.800000
LD2-E6-1280x800-wired,fig/4/14,pushbutton,T22,723.286400,457.304000,36.000000,40.000000
LD2-E6-1280x800-wired,fig/4/16,pushbutton,T21,589.142400,457.304000,36.000000,40.000000
LD2-E6-1280x800-wired,fig/4/18,pushbutton,T18,538.838400,457.304000,36.000000,40.000000
LD2-E6-1280x800-wired,fig/4/20,pushbutton,T17,404.694400,457.304000,36.000000,40.000000
LD2-E6-1280x800-wired,fig/4/22,pushbutton,T06,354.390400,457.304000,36.000000,40.000000
LD2-E6-1280x800-wired,fig/4/24,pushbutton,T05,238.691200,457.304000,36.000000,40.000000
LD2-E6-1280x800-wired,fig/4/26,pushbutton,T02,194.675200,343.344000,36.000000,40.000000
LD2-E6-1280x800-wired,fig/4/28,pushbutton,T01,194.675200,423.424000,36.000000,40.000000
LD2-E6-1280x800-wired,fig/4/30,frame,component:L1,628.940800,434.800000,90.547200,86.240000
LD2-E6-1280x800-wired,fig/4/31,frame,component:R9,444.492800,434.800000,90.547200,86.240000
LD2-E6-1280x800-wired,fig/4/32,frame,component:AM,277.651200,425.560000,74.617600,117.040000
LD2-E6-1280x800-wired,fig/4/33,frame,component:GEN,65.536000,342.400000,125.760000,147.840000
LD2-E6-1280x800-wired,fig/4/33/1,pushbutton,B09,74.339200,351.270400,108.153600,32.524800
LD2-E6-1280x800-wired,fig/5,pushbutton,,1113.600000,744.000000,134.400000,35.200000
LD2-E7-1280x800-before,fig/3/1,pushbutton,B35,920.640000,105.240000,130.240000,27.720000
LD2-E7-1280x800-before,fig/3/2,pushbutton,B04,920.640000,148.360000,302.720000,46.200000
LD2-E7-1280x800-before,fig/3/3,edit,A07.02,1114.240000,378.128000,109.120000,30.800000
LD2-E7-1280x800-before,fig/3/5,edit,A07.01,1114.240000,413.240000,109.120000,30.800000
LD2-E7-1280x800-before,fig/4/1,pushbutton,B33,660.800000,166.840000,176.064000,33.880000
LD2-E7-1280x800-before,fig/4/2,pushbutton,B13,660.800000,117.560000,176.064000,33.880000
LD2-E7-1280x800-before,fig/4/9,pushbutton,T08,516.201600,263.264000,36.000000,40.000000
LD2-E7-1280x800-before,fig/4/11,pushbutton,T07,390.441600,263.264000,36.000000,40.000000
LD2-E7-1280x800-before,fig/4/13,pushbutton,T24,689.750400,392.624000,36.000000,40.000000
LD2-E7-1280x800-before,fig/4/15,pushbutton,T23,622.678400,392.624000,36.000000,40.000000
LD2-E7-1280x800-before,fig/4/17,pushbutton,T20,505.302400,392.624000,36.000000,40.000000
LD2-E7-1280x800-before,fig/4/19,pushbutton,T19,438.230400,392.624000,36.000000,40.000000
LD2-E7-1280x800-before,fig/4/21,pushbutton,T04,88.617600,294.064000,36.000000,40.000000
LD2-E7-1280x800-before,fig/4/23,pushbutton,T03,88.617600,518.904000,36.000000,40.000000
LD2-E7-1280x800-before,fig/4/25,frame,component:VM,375.744000,157.600000,234.752000,98.560000
LD2-E7-1280x800-before,fig/4/25/1,pushbutton,B15,392.176640,163.513600,201.886720,28.582400
LD2-E7-1280x800-before,fig/4/26,frame,component:L1,628.940800,434.800000,90.547200,86.240000
LD2-E7-1280x800-before,fig/4/27,frame,component:R9,444.492800,434.800000,90.547200,86.240000
LD2-E7-1280x800-before,fig/4/28,frame,component:AM,277.651200,425.560000,74.617600,117.040000
LD2-E7-1280x800-before,fig/4/28/1,pushbutton,B14,282.128256,432.582400,65.663488,28.089600
LD2-E7-1280x800-before,fig/4/29,frame,component:GEN,65.536000,342.400000,125.760000,147.840000
LD2-E7-1280x800-before,fig/4/29/1,pushbutton,B09,74.339200,351.270400,108.153600,32.524800
LD2-E7-1280x800-before,fig/5,pushbutton,,1113.600000,744.000000,134.400000,35.200000
LD2-E7-1280x800-wired,fig/3/1,pushbutton,B35,920.640000,105.240000,130.240000,27.720000
LD2-E7-1280x800-wired,fig/3/2,pushbutton,B04,920.640000,148.360000,302.720000,46.200000
LD2-E7-1280x800-wired,fig/3/3,edit,A07.02,1114.240000,378.128000,109.120000,30.800000
LD2-E7-1280x800-wired,fig/3/5,edit,A07.01,1114.240000,413.240000,109.120000,30.800000
LD2-E7-1280x800-wired,fig/4/1,pushbutton,B33,660.800000,166.840000,176.064000,33.880000
LD2-E7-1280x800-wired,fig/4/2,pushbutton,B13,660.800000,117.560000,176.064000,33.880000
LD2-E7-1280x800-wired,fig/4/22,pushbutton,T08,516.201600,263.264000,36.000000,40.000000
LD2-E7-1280x800-wired,fig/4/24,pushbutton,T07,390.441600,263.264000,36.000000,40.000000
LD2-E7-1280x800-wired,fig/4/26,pushbutton,T24,689.750400,392.624000,36.000000,40.000000
LD2-E7-1280x800-wired,fig/4/28,pushbutton,T23,622.678400,392.624000,36.000000,40.000000
LD2-E7-1280x800-wired,fig/4/30,pushbutton,T22,723.286400,457.304000,36.000000,40.000000
LD2-E7-1280x800-wired,fig/4/32,pushbutton,T21,589.142400,457.304000,36.000000,40.000000
LD2-E7-1280x800-wired,fig/4/34,pushbutton,T20,505.302400,392.624000,36.000000,40.000000
LD2-E7-1280x800-wired,fig/4/36,pushbutton,T19,438.230400,392.624000,36.000000,40.000000
LD2-E7-1280x800-wired,fig/4/38,pushbutton,T18,538.838400,457.304000,36.000000,40.000000
LD2-E7-1280x800-wired,fig/4/40,pushbutton,T17,404.694400,457.304000,36.000000,40.000000
LD2-E7-1280x800-wired,fig/4/42,pushbutton,T06,354.390400,457.304000,36.000000,40.000000
LD2-E7-1280x800-wired,fig/4/44,pushbutton,T05,238.691200,457.304000,36.000000,40.000000
LD2-E7-1280x800-wired,fig/4/46,pushbutton,T04,88.617600,294.064000,36.000000,40.000000
LD2-E7-1280x800-wired,fig/4/48,pushbutton,T03,88.617600,518.904000,36.000000,40.000000
LD2-E7-1280x800-wired,fig/4/50,pushbutton,T02,194.675200,343.344000,36.000000,40.000000
LD2-E7-1280x800-wired,fig/4/52,pushbutton,T01,194.675200,423.424000,36.000000,40.000000
LD2-E7-1280x800-wired,fig/4/54,frame,component:VM,375.744000,157.600000,234.752000,98.560000
LD2-E7-1280x800-wired,fig/4/54/1,pushbutton,B15,392.176640,163.513600,201.886720,28.582400
LD2-E7-1280x800-wired,fig/4/55,frame,component:L1,628.940800,434.800000,90.547200,86.240000
LD2-E7-1280x800-wired,fig/4/56,frame,component:R9,444.492800,434.800000,90.547200,86.240000
LD2-E7-1280x800-wired,fig/4/57,frame,component:AM,277.651200,425.560000,74.617600,117.040000
LD2-E7-1280x800-wired,fig/4/57/1,pushbutton,B14,282.128256,432.582400,65.663488,28.089600
LD2-E7-1280x800-wired,fig/4/58,frame,component:GEN,65.536000,342.400000,125.760000,147.840000
LD2-E7-1280x800-wired,fig/4/58/1,pushbutton,B09,74.339200,351.270400,108.153600,32.524800
LD2-E7-1280x800-wired,fig/5,pushbutton,,1113.600000,744.000000,134.400000,35.200000
LD2-E8-1280x800-before,fig/3/1,pushbutton,B35,920.640000,105.240000,130.240000,27.720000
LD2-E8-1280x800-before,fig/3/2,pushbutton,B04,920.640000,148.360000,302.720000,46.200000
LD2-E8-1280x800-before,fig/4/1,pushbutton,B11,65.536000,117.560000,192.832000,33.880000
LD2-E8-1280x800-before,fig/4/10,pushbutton,T34,742.569600,455.456000,36.000000,40.000000
LD2-E8-1280x800-before,fig/4/12,pushbutton,T33,638.608000,455.456000,36.000000,40.000000
LD2-E8-1280x800-before,fig/4/14,pushbutton,T30,594.172800,455.456000,36.000000,40.000000
LD2-E8-1280x800-before,fig/4/16,pushbutton,T29,490.211200,455.456000,36.000000,40.000000
LD2-E8-1280x800-before,fig/4/18,pushbutton,T26,445.776000,455.456000,36.000000,40.000000
LD2-E8-1280x800-before,fig/4/20,pushbutton,T25,341.814400,455.456000,36.000000,40.000000
LD2-E8-1280x800-before,fig/4/22,pushbutton,T06,297.379200,455.456000,36.000000,40.000000
LD2-E8-1280x800-before,fig/4/24,pushbutton,T05,192.579200,455.456000,36.000000,40.000000
LD2-E8-1280x800-before,fig/4/26,pushbutton,T02,148.144000,343.344000,36.000000,40.000000
LD2-E8-1280x800-before,fig/4/28,pushbutton,T01,148.144000,423.424000,36.000000,40.000000
LD2-E8-1280x800-before,fig/4/30,frame,component:R13,676.729600,434.800000,62.880000,80.080000
LD2-E8-1280x800-before,fig/4/31,frame,component:L3,528.332800,434.800000,62.880000,80.080000
LD2-E8-1280x800-before,fig/4/32,frame,component:C4,379.936000,434.800000,62.880000,80.080000
LD2-E8-1280x800-before,fig/4/33,frame,component:AM,231.539200,425.560000,62.880000,117.040000
LD2-E8-1280x800-before,fig/4/34,frame,component:GEN,52.960000,342.400000,92.224000,147.840000
LD2-E8-1280x800-before,fig/4/34/1,pushbutton,B09,59.415680,351.270400,79.312640,32.524800
LD2-E8-1280x800-before,fig/5,pushbutton,,1113.600000,744.000000,134.400000,35.200000
LD2-E8-1280x800-wired,fig/3/1,pushbutton,B35,920.640000,105.240000,130.240000,27.720000
LD2-E8-1280x800-wired,fig/3/2,pushbutton,B04,920.640000,148.360000,302.720000,46.200000
LD2-E8-1280x800-wired,fig/4/1,pushbutton,B11,65.536000,117.560000,192.832000,33.880000
LD2-E8-1280x800-wired,fig/4/18,pushbutton,T34,742.569600,455.456000,36.000000,40.000000
LD2-E8-1280x800-wired,fig/4/20,pushbutton,T33,638.608000,455.456000,36.000000,40.000000
LD2-E8-1280x800-wired,fig/4/22,pushbutton,T30,594.172800,455.456000,36.000000,40.000000
LD2-E8-1280x800-wired,fig/4/24,pushbutton,T29,490.211200,455.456000,36.000000,40.000000
LD2-E8-1280x800-wired,fig/4/26,pushbutton,T26,445.776000,455.456000,36.000000,40.000000
LD2-E8-1280x800-wired,fig/4/28,pushbutton,T25,341.814400,455.456000,36.000000,40.000000
LD2-E8-1280x800-wired,fig/4/30,pushbutton,T06,297.379200,455.456000,36.000000,40.000000
LD2-E8-1280x800-wired,fig/4/32,pushbutton,T05,192.579200,455.456000,36.000000,40.000000
LD2-E8-1280x800-wired,fig/4/34,pushbutton,T02,148.144000,343.344000,36.000000,40.000000
LD2-E8-1280x800-wired,fig/4/36,pushbutton,T01,148.144000,423.424000,36.000000,40.000000
LD2-E8-1280x800-wired,fig/4/38,frame,component:R13,676.729600,434.800000,62.880000,80.080000
LD2-E8-1280x800-wired,fig/4/39,frame,component:L3,528.332800,434.800000,62.880000,80.080000
LD2-E8-1280x800-wired,fig/4/40,frame,component:C4,379.936000,434.800000,62.880000,80.080000
LD2-E8-1280x800-wired,fig/4/41,frame,component:AM,231.539200,425.560000,62.880000,117.040000
LD2-E8-1280x800-wired,fig/4/42,frame,component:GEN,52.960000,342.400000,92.224000,147.840000
LD2-E8-1280x800-wired,fig/4/42/1,pushbutton,B09,59.415680,351.270400,79.312640,32.524800
LD2-E8-1280x800-wired,fig/5,pushbutton,,1113.600000,744.000000,134.400000,35.200000
LD2-E9-1280x800-before,fig/3/1,pushbutton,B35,920.640000,105.240000,130.240000,27.720000
LD2-E9-1280x800-before,fig/3/2,pushbutton,B04,920.640000,148.360000,302.720000,46.200000
LD2-E9-1280x800-before,fig/3/3,edit,A09.04,1114.240000,307.904000,109.120000,30.800000
LD2-E9-1280x800-before,fig/3/5,edit,A09.03,1114.240000,343.016000,109.120000,30.800000
LD2-E9-1280x800-before,fig/3/7,edit,A09.02,1114.240000,378.128000,109.120000,30.800000
LD2-E9-1280x800-before,fig/3/9,edit,A09.01,1114.240000,413.240000,109.120000,30.800000
LD2-E9-1280x800-before,fig/4/1,pushbutton,B33,660.800000,166.840000,176.064000,33.880000
LD2-E9-1280x800-before,fig/4/2,pushbutton,B13,660.800000,117.560000,176.064000,33.880000
LD2-E9-1280x800-before,fig/4/3,pushbutton,B21,375.744000,117.560000,234.752000,33.880000
LD2-E9-1280x800-before,fig/4/4/1,pushbutton,B19,197.164800,160.834000,98.092800,30.492000
LD2-E9-1280x800-before,fig/4/4/2,pushbutton,B18,78.950400,160.834000,98.092800,30.492000
LD2-E9-1280x800-before,fig/4/4/3,pushbutton,B16,227.347200,207.958000,67.910400,34.650000
LD2-E9-1280x800-before,fig/4/4/4,edit,F04,78.950400,207.958000,138.336000,34.650000
LD2-E9-1280x800-before,fig/4/13,pushbutton,T08,516.201600,263.264000,36.000000,40.000000
LD2-E9-1280x800-before,fig/4/15,pushbutton,T07,390.441600,263.264000,36.000000,40.000000
LD2-E9-1280x800-before,fig/4/17,pushbutton,T36,721.609600,386.464000,36.000000,40.000000
LD2-E9-1280x800-before,fig/4/19,pushbutton,T35,671.305600,386.464000,36.000000,40.000000
LD2-E9-1280x800-before,fig/4/21,frame,component:VM,375.744000,157.600000,234.752000,98.560000
LD2-E9-1280x800-before,fig/4/21/1,pushbutton,B15,392.176640,163.513600,201.886720,28.582400
LD2-E9-1280x800-before,fig/4/22,frame,component:R13,676.729600,434.800000,62.880000,80.080000
LD2-E9-1280x800-before,fig/4/23,frame,component:L3,528.332800,434.800000,62.880000,80.080000
LD2-E9-1280x800-before,fig/4/24,frame,component:C4,379.936000,434.800000,62.880000,80.080000
LD2-E9-1280x800-before,fig/4/25,frame,component:AM,231.539200,425.560000,62.880000,117.040000
LD2-E9-1280x800-before,fig/4/25/1,pushbutton,B14,235.312000,432.582400,55.334400,28.089600
LD2-E9-1280x800-before,fig/4/26,frame,component:GEN,52.960000,342.400000,92.224000,147.840000
LD2-E9-1280x800-before,fig/4/26/1,pushbutton,B09,59.415680,351.270400,79.312640,32.524800
LD2-E9-1280x800-before,fig/5,pushbutton,,1113.600000,744.000000,134.400000,35.200000
LD2-E9-1280x800-wired,fig/3/1,pushbutton,B35,920.640000,105.240000,130.240000,27.720000
LD2-E9-1280x800-wired,fig/3/2,pushbutton,B04,920.640000,148.360000,302.720000,46.200000
LD2-E9-1280x800-wired,fig/3/3,edit,A09.04,1114.240000,307.904000,109.120000,30.800000
LD2-E9-1280x800-wired,fig/3/5,edit,A09.03,1114.240000,343.016000,109.120000,30.800000
LD2-E9-1280x800-wired,fig/3/7,edit,A09.02,1114.240000,378.128000,109.120000,30.800000
LD2-E9-1280x800-wired,fig/3/9,edit,A09.01,1114.240000,413.240000,109.120000,30.800000
LD2-E9-1280x800-wired,fig/4/1,pushbutton,B33,660.800000,166.840000,176.064000,33.880000
LD2-E9-1280x800-wired,fig/4/2,pushbutton,B13,660.800000,117.560000,176.064000,33.880000
LD2-E9-1280x800-wired,fig/4/3,pushbutton,B21,375.744000,117.560000,234.752000,33.880000
LD2-E9-1280x800-wired,fig/4/4/1,pushbutton,B19,197.164800,160.834000,98.092800,30.492000
LD2-E9-1280x800-wired,fig/4/4/2,pushbutton,B18,78.950400,160.834000,98.092800,30.492000
LD2-E9-1280x800-wired,fig/4/4/3,pushbutton,B16,227.347200,207.958000,67.910400,34.650000
LD2-E9-1280x800-wired,fig/4/4/4,edit,F04,78.950400,207.958000,138.336000,34.650000
LD2-E9-1280x800-wired,fig/4/28,pushbutton,T08,516.201600,263.264000,36.000000,40.000000
LD2-E9-1280x800-wired,fig/4/30,pushbutton,T07,390.441600,263.264000,36.000000,40.000000
LD2-E9-1280x800-wired,fig/4/32,pushbutton,T36,721.609600,386.464000,36.000000,40.000000
LD2-E9-1280x800-wired,fig/4/34,pushbutton,T35,671.305600,386.464000,36.000000,40.000000
LD2-E9-1280x800-wired,fig/4/36,pushbutton,T34,742.569600,455.456000,36.000000,40.000000
LD2-E9-1280x800-wired,fig/4/38,pushbutton,T33,638.608000,455.456000,36.000000,40.000000
LD2-E9-1280x800-wired,fig/4/40,pushbutton,T30,594.172800,455.456000,36.000000,40.000000
LD2-E9-1280x800-wired,fig/4/42,pushbutton,T29,490.211200,455.456000,36.000000,40.000000
LD2-E9-1280x800-wired,fig/4/44,pushbutton,T26,445.776000,455.456000,36.000000,40.000000
LD2-E9-1280x800-wired,fig/4/46,pushbutton,T25,341.814400,455.456000,36.000000,40.000000
LD2-E9-1280x800-wired,fig/4/48,pushbutton,T06,297.379200,455.456000,36.000000,40.000000
LD2-E9-1280x800-wired,fig/4/50,pushbutton,T05,192.579200,455.456000,36.000000,40.000000
LD2-E9-1280x800-wired,fig/4/52,pushbutton,T02,148.144000,343.344000,36.000000,40.000000
LD2-E9-1280x800-wired,fig/4/54,pushbutton,T01,148.144000,423.424000,36.000000,40.000000
LD2-E9-1280x800-wired,fig/4/56,frame,component:VM,375.744000,157.600000,234.752000,98.560000
LD2-E9-1280x800-wired,fig/4/56/1,pushbutton,B15,392.176640,163.513600,201.886720,28.582400
LD2-E9-1280x800-wired,fig/4/57,frame,component:R13,676.729600,434.800000,62.880000,80.080000
LD2-E9-1280x800-wired,fig/4/58,frame,component:L3,528.332800,434.800000,62.880000,80.080000
LD2-E9-1280x800-wired,fig/4/59,frame,component:C4,379.936000,434.800000,62.880000,80.080000
LD2-E9-1280x800-wired,fig/4/60,frame,component:AM,231.539200,425.560000,62.880000,117.040000
LD2-E9-1280x800-wired,fig/4/60/1,pushbutton,B14,235.312000,432.582400,55.334400,28.089600
LD2-E9-1280x800-wired,fig/4/61,frame,component:GEN,52.960000,342.400000,92.224000,147.840000
LD2-E9-1280x800-wired,fig/4/61/1,pushbutton,B09,59.415680,351.270400,79.312640,32.524800
LD2-E9-1280x800-wired,fig/5,pushbutton,,1113.600000,744.000000,134.400000,35.200000
LD2-E10-1280x800-before,fig/3/1,pushbutton,B35,920.640000,105.240000,130.240000,27.720000
LD2-E10-1280x800-before,fig/3/2,pushbutton,B04,920.640000,148.360000,302.720000,46.200000
LD2-E10-1280x800-before,fig/3/3,edit,A10.06,1114.240000,237.680000,109.120000,30.800000
LD2-E10-1280x800-before,fig/3/5,edit,A10.05,1114.240000,272.792000,109.120000,30.800000
LD2-E10-1280x800-before,fig/3/7,edit,A10.04,1114.240000,307.904000,109.120000,30.800000
LD2-E10-1280x800-before,fig/3/9,edit,A10.03,1114.240000,343.016000,109.120000,30.800000
LD2-E10-1280x800-before,fig/3/11,edit,A10.02,1114.240000,378.128000,109.120000,30.800000
LD2-E10-1280x800-before,fig/3/13,edit,A10.01,1114.240000,413.240000,109.120000,30.800000
LD2-E10-1280x800-before,fig/4/1,pushbutton,B33,660.800000,166.840000,176.064000,33.880000
LD2-E10-1280x800-before,fig/4/2,pushbutton,B13,660.800000,117.560000,176.064000,33.880000
LD2-E10-1280x800-before,fig/4/3,pushbutton,B23,375.744000,117.560000,234.752000,33.880000
LD2-E10-1280x800-before,fig/4/4/1,pushbutton,B19,197.164800,160.834000,98.092800,30.492000
LD2-E10-1280x800-before,fig/4/4/2,pushbutton,B18,78.950400,160.834000,98.092800,30.492000
LD2-E10-1280x800-before,fig/4/4/3,pushbutton,B16,227.347200,207.958000,67.910400,34.650000
LD2-E10-1280x800-before,fig/4/4/4,edit,F04,78.950400,207.958000,138.336000,34.650000
LD2-E10-1280x800-before,fig/4/13,pushbutton,T08,516.201600,263.264000,36.000000,40.000000
LD2-E10-1280x800-before,fig/4/15,pushbutton,T07,390.441600,263.264000,36.000000,40.000000
LD2-E10-1280x800-before,fig/4/17,pushbutton,T38,566.505600,332.872000,36.000000,40.000000
LD2-E10-1280x800-before,fig/4/20,pushbutton,T37,344.329600,332.872000,36.000000,40.000000
LD2-E10-1280x800-before,fig/4/23,pushbutton,T32,573.212800,386.464000,36.000000,40.000000
LD2-E10-1280x800-before,fig/4/25,pushbutton,T31,522.908800,386.464000,36.000000,40.000000
LD2-E10-1280x800-before,fig/4/27,pushbutton,T28,424.816000,386.464000,36.000000,40.000000
LD2-E10-1280x800-before,fig/4/29,pushbutton,T27,374.512000,386.464000,36.000000,40.000000
LD2-E10-1280x800-before,fig/4/31,frame,component:VM,375.744000,157.600000,234.752000,98.560000
LD2-E10-1280x800-before,fig/4/31/1,pushbutton,B15,392.176640,163.513600,201.886720,28.582400
LD2-E10-1280x800-before,fig/4/32,frame,component:R13,676.729600,434.800000,62.880000,80.080000
LD2-E10-1280x800-before,fig/4/33,frame,component:L3,528.332800,434.800000,62.880000,80.080000
LD2-E10-1280x800-before,fig/4/34,frame,component:C4,379.936000,434.800000,62.880000,80.080000
LD2-E10-1280x800-before,fig/4/35,frame,component:AM,231.539200,425.560000,62.880000,117.040000
LD2-E10-1280x800-before,fig/4/35/1,pushbutton,B14,235.312000,432.582400,55.334400,28.089600
LD2-E10-1280x800-before,fig/4/36,frame,component:GEN,52.960000,342.400000,92.224000,147.840000
LD2-E10-1280x800-before,fig/4/36/1,pushbutton,B09,59.415680,351.270400,79.312640,32.524800
LD2-E10-1280x800-before,fig/5,pushbutton,,1113.600000,744.000000,134.400000,35.200000
LD2-E10-1280x800-wired,fig/3/1,pushbutton,B35,920.640000,105.240000,130.240000,27.720000
LD2-E10-1280x800-wired,fig/3/2,pushbutton,B04,920.640000,148.360000,302.720000,46.200000
LD2-E10-1280x800-wired,fig/3/3,edit,A10.06,1114.240000,237.680000,109.120000,30.800000
LD2-E10-1280x800-wired,fig/3/5,edit,A10.05,1114.240000,272.792000,109.120000,30.800000
LD2-E10-1280x800-wired,fig/3/7,edit,A10.04,1114.240000,307.904000,109.120000,30.800000
LD2-E10-1280x800-wired,fig/3/9,edit,A10.03,1114.240000,343.016000,109.120000,30.800000
LD2-E10-1280x800-wired,fig/3/11,edit,A10.02,1114.240000,378.128000,109.120000,30.800000
LD2-E10-1280x800-wired,fig/3/13,edit,A10.01,1114.240000,413.240000,109.120000,30.800000
LD2-E10-1280x800-wired,fig/4/1,pushbutton,B33,660.800000,166.840000,176.064000,33.880000
LD2-E10-1280x800-wired,fig/4/2,pushbutton,B13,660.800000,117.560000,176.064000,33.880000
LD2-E10-1280x800-wired,fig/4/3,pushbutton,B23,375.744000,117.560000,234.752000,33.880000
LD2-E10-1280x800-wired,fig/4/4/1,pushbutton,B19,197.164800,160.834000,98.092800,30.492000
LD2-E10-1280x800-wired,fig/4/4/2,pushbutton,B18,78.950400,160.834000,98.092800,30.492000
LD2-E10-1280x800-wired,fig/4/4/3,pushbutton,B16,227.347200,207.958000,67.910400,34.650000
LD2-E10-1280x800-wired,fig/4/4/4,edit,F04,78.950400,207.958000,138.336000,34.650000
LD2-E10-1280x800-wired,fig/4/29,pushbutton,T08,516.201600,263.264000,36.000000,40.000000
LD2-E10-1280x800-wired,fig/4/31,pushbutton,T07,390.441600,263.264000,36.000000,40.000000
LD2-E10-1280x800-wired,fig/4/33,pushbutton,T38,566.505600,332.872000,36.000000,40.000000
LD2-E10-1280x800-wired,fig/4/36,pushbutton,T37,344.329600,332.872000,36.000000,40.000000
LD2-E10-1280x800-wired,fig/4/39,pushbutton,T34,742.569600,455.456000,36.000000,40.000000
LD2-E10-1280x800-wired,fig/4/41,pushbutton,T33,638.608000,455.456000,36.000000,40.000000
LD2-E10-1280x800-wired,fig/4/43,pushbutton,T32,573.212800,386.464000,36.000000,40.000000
LD2-E10-1280x800-wired,fig/4/45,pushbutton,T31,522.908800,386.464000,36.000000,40.000000
LD2-E10-1280x800-wired,fig/4/47,pushbutton,T30,594.172800,455.456000,36.000000,40.000000
LD2-E10-1280x800-wired,fig/4/49,pushbutton,T29,490.211200,455.456000,36.000000,40.000000
LD2-E10-1280x800-wired,fig/4/51,pushbutton,T28,424.816000,386.464000,36.000000,40.000000
LD2-E10-1280x800-wired,fig/4/53,pushbutton,T27,374.512000,386.464000,36.000000,40.000000
LD2-E10-1280x800-wired,fig/4/55,pushbutton,T26,445.776000,455.456000,36.000000,40.000000
LD2-E10-1280x800-wired,fig/4/57,pushbutton,T25,341.814400,455.456000,36.000000,40.000000
LD2-E10-1280x800-wired,fig/4/59,pushbutton,T06,297.379200,455.456000,36.000000,40.000000
LD2-E10-1280x800-wired,fig/4/61,pushbutton,T05,192.579200,455.456000,36.000000,40.000000
LD2-E10-1280x800-wired,fig/4/63,pushbutton,T02,148.144000,343.344000,36.000000,40.000000
LD2-E10-1280x800-wired,fig/4/65,pushbutton,T01,148.144000,423.424000,36.000000,40.000000
LD2-E10-1280x800-wired,fig/4/67,frame,component:VM,375.744000,157.600000,234.752000,98.560000
LD2-E10-1280x800-wired,fig/4/67/1,pushbutton,B15,392.176640,163.513600,201.886720,28.582400
LD2-E10-1280x800-wired,fig/4/68,frame,component:R13,676.729600,434.800000,62.880000,80.080000
LD2-E10-1280x800-wired,fig/4/69,frame,component:L3,528.332800,434.800000,62.880000,80.080000
LD2-E10-1280x800-wired,fig/4/70,frame,component:C4,379.936000,434.800000,62.880000,80.080000
LD2-E10-1280x800-wired,fig/4/71,frame,component:AM,231.539200,425.560000,62.880000,117.040000
LD2-E10-1280x800-wired,fig/4/71/1,pushbutton,B14,235.312000,432.582400,55.334400,28.089600
LD2-E10-1280x800-wired,fig/4/72,frame,component:GEN,52.960000,342.400000,92.224000,147.840000
LD2-E10-1280x800-wired,fig/4/72/1,pushbutton,B09,59.415680,351.270400,79.312640,32.524800
LD2-E10-1280x800-wired,fig/5,pushbutton,,1113.600000,744.000000,134.400000,35.200000
LD2-E11-1280x800-before,fig/3/1,pushbutton,B35,920.640000,105.240000,130.240000,27.720000
LD2-E11-1280x800-before,fig/3/2,pushbutton,B04,920.640000,148.360000,302.720000,46.200000
LD2-E11-1280x800-before,fig/3/3,edit,A11.05,1114.240000,272.792000,109.120000,30.800000
LD2-E11-1280x800-before,fig/3/5,edit,A11.04,1114.240000,307.904000,109.120000,30.800000
LD2-E11-1280x800-before,fig/3/7,edit,A11.03,1114.240000,343.016000,109.120000,30.800000
LD2-E11-1280x800-before,fig/3/9,edit,A11.02,1114.240000,378.128000,109.120000,30.800000
LD2-E11-1280x800-before,fig/3/11,edit,A11.01,1114.240000,413.240000,109.120000,30.800000
LD2-E11-1280x800-before,fig/4/1,pushbutton,B33,660.800000,166.840000,176.064000,33.880000
LD2-E11-1280x800-before,fig/4/2,pushbutton,B13,660.800000,117.560000,176.064000,33.880000
LD2-E11-1280x800-before,fig/4/3,pushbutton,B25,518.272000,117.560000,142.528000,33.880000
LD2-E11-1280x800-before,fig/4/4,pushbutton,B24,358.976000,117.560000,142.528000,33.880000
LD2-E11-1280x800-before,fig/4/5/1,pushbutton,B19,197.164800,160.834000,98.092800,30.492000
LD2-E11-1280x800-before,fig/4/5/2,pushbutton,B18,78.950400,160.834000,98.092800,30.492000
LD2-E11-1280x800-before,fig/4/5/3,pushbutton,B16,227.347200,207.958000,67.910400,34.650000
LD2-E11-1280x800-before,fig/4/5/4,edit,F04,78.950400,207.958000,138.336000,34.650000
LD2-E11-1280x800-before,fig/4/14,pushbutton,T08,516.201600,263.264000,36.000000,40.000000
LD2-E11-1280x800-before,fig/4/16,pushbutton,T07,390.441600,263.264000,36.000000,40.000000
LD2-E11-1280x800-before,fig/4/18,pushbutton,T36,721.609600,386.464000,36.000000,40.000000
LD2-E11-1280x800-before,fig/4/20,pushbutton,T35,671.305600,386.464000,36.000000,40.000000
LD2-E11-1280x800-before,fig/4/22,frame,component:VM,375.744000,157.600000,234.752000,98.560000
LD2-E11-1280x800-before,fig/4/22/1,pushbutton,B15,392.176640,163.513600,201.886720,28.582400
LD2-E11-1280x800-before,fig/4/23,frame,component:R13,676.729600,434.800000,62.880000,80.080000
LD2-E11-1280x800-before,fig/4/24,frame,component:L3,528.332800,434.800000,62.880000,80.080000
LD2-E11-1280x800-before,fig/4/25,frame,component:C4,379.936000,434.800000,62.880000,80.080000
LD2-E11-1280x800-before,fig/4/26,frame,component:AM,231.539200,425.560000,62.880000,117.040000
LD2-E11-1280x800-before,fig/4/26/1,pushbutton,B14,235.312000,432.582400,55.334400,28.089600
LD2-E11-1280x800-before,fig/4/27,frame,component:GEN,52.960000,342.400000,92.224000,147.840000
LD2-E11-1280x800-before,fig/4/27/1,pushbutton,B09,59.415680,351.270400,79.312640,32.524800
LD2-E11-1280x800-before,fig/5,pushbutton,,1113.600000,744.000000,134.400000,35.200000
LD2-E11-1280x800-wired,fig/3/1,pushbutton,B35,920.640000,105.240000,130.240000,27.720000
LD2-E11-1280x800-wired,fig/3/2,pushbutton,B04,920.640000,148.360000,302.720000,46.200000
LD2-E11-1280x800-wired,fig/3/3,edit,A11.05,1114.240000,272.792000,109.120000,30.800000
LD2-E11-1280x800-wired,fig/3/5,edit,A11.04,1114.240000,307.904000,109.120000,30.800000
LD2-E11-1280x800-wired,fig/3/7,edit,A11.03,1114.240000,343.016000,109.120000,30.800000
LD2-E11-1280x800-wired,fig/3/9,edit,A11.02,1114.240000,378.128000,109.120000,30.800000
LD2-E11-1280x800-wired,fig/3/11,edit,A11.01,1114.240000,413.240000,109.120000,30.800000
LD2-E11-1280x800-wired,fig/4/1,pushbutton,B33,660.800000,166.840000,176.064000,33.880000
LD2-E11-1280x800-wired,fig/4/2,pushbutton,B13,660.800000,117.560000,176.064000,33.880000
LD2-E11-1280x800-wired,fig/4/3,pushbutton,B25,518.272000,117.560000,142.528000,33.880000
LD2-E11-1280x800-wired,fig/4/4,pushbutton,B24,358.976000,117.560000,142.528000,33.880000
LD2-E11-1280x800-wired,fig/4/5/1,pushbutton,B19,197.164800,160.834000,98.092800,30.492000
LD2-E11-1280x800-wired,fig/4/5/2,pushbutton,B18,78.950400,160.834000,98.092800,30.492000
LD2-E11-1280x800-wired,fig/4/5/3,pushbutton,B16,227.347200,207.958000,67.910400,34.650000
LD2-E11-1280x800-wired,fig/4/5/4,edit,F04,78.950400,207.958000,138.336000,34.650000
LD2-E11-1280x800-wired,fig/4/29,pushbutton,T08,516.201600,263.264000,36.000000,40.000000
LD2-E11-1280x800-wired,fig/4/31,pushbutton,T07,390.441600,263.264000,36.000000,40.000000
LD2-E11-1280x800-wired,fig/4/33,pushbutton,T36,721.609600,386.464000,36.000000,40.000000
LD2-E11-1280x800-wired,fig/4/35,pushbutton,T35,671.305600,386.464000,36.000000,40.000000
LD2-E11-1280x800-wired,fig/4/37,pushbutton,T34,742.569600,455.456000,36.000000,40.000000
LD2-E11-1280x800-wired,fig/4/39,pushbutton,T33,638.608000,455.456000,36.000000,40.000000
LD2-E11-1280x800-wired,fig/4/41,pushbutton,T30,594.172800,455.456000,36.000000,40.000000
LD2-E11-1280x800-wired,fig/4/43,pushbutton,T29,490.211200,455.456000,36.000000,40.000000
LD2-E11-1280x800-wired,fig/4/45,pushbutton,T26,445.776000,455.456000,36.000000,40.000000
LD2-E11-1280x800-wired,fig/4/47,pushbutton,T25,341.814400,455.456000,36.000000,40.000000
LD2-E11-1280x800-wired,fig/4/49,pushbutton,T06,297.379200,455.456000,36.000000,40.000000
LD2-E11-1280x800-wired,fig/4/51,pushbutton,T05,192.579200,455.456000,36.000000,40.000000
LD2-E11-1280x800-wired,fig/4/53,pushbutton,T02,148.144000,343.344000,36.000000,40.000000
LD2-E11-1280x800-wired,fig/4/55,pushbutton,T01,148.144000,423.424000,36.000000,40.000000
LD2-E11-1280x800-wired,fig/4/57,frame,component:VM,375.744000,157.600000,234.752000,98.560000
LD2-E11-1280x800-wired,fig/4/57/1,pushbutton,B15,392.176640,163.513600,201.886720,28.582400
LD2-E11-1280x800-wired,fig/4/58,frame,component:R13,676.729600,434.800000,62.880000,80.080000
LD2-E11-1280x800-wired,fig/4/59,frame,component:L3,528.332800,434.800000,62.880000,80.080000
LD2-E11-1280x800-wired,fig/4/60,frame,component:C4,379.936000,434.800000,62.880000,80.080000
LD2-E11-1280x800-wired,fig/4/61,frame,component:AM,231.539200,425.560000,62.880000,117.040000
LD2-E11-1280x800-wired,fig/4/61/1,pushbutton,B14,235.312000,432.582400,55.334400,28.089600
LD2-E11-1280x800-wired,fig/4/62,frame,component:GEN,52.960000,342.400000,92.224000,147.840000
LD2-E11-1280x800-wired,fig/4/62/1,pushbutton,B09,59.415680,351.270400,79.312640,32.524800
LD2-E11-1280x800-wired,fig/5,pushbutton,,1113.600000,744.000000,134.400000,35.200000
LD2-E12-1280x800-before,fig/3/1,pushbutton,B35,920.640000,105.240000,130.240000,27.720000
LD2-E12-1280x800-before,fig/3/2,pushbutton,B04,920.640000,148.360000,302.720000,46.200000
LD2-E12-1280x800-before,fig/3/3,pushbutton,B07,920.640000,280.800000,302.720000,36.960000
LD2-E12-1280x800-before,fig/3/4,pushbutton,B08,920.640000,336.240000,302.720000,36.960000
LD2-E12-1280x800-before,fig/3/5,pushbutton,B34,920.640000,391.680000,302.720000,36.960000
LD2-E12-1280x800-before,fig/4/1,pushbutton,B33,660.800000,166.840000,176.064000,33.880000
LD2-E12-1280x800-before,fig/4/2,pushbutton,B13,660.800000,117.560000,176.064000,33.880000
LD2-E12-1280x800-before,fig/4/3,pushbutton,B26,375.744000,117.560000,234.752000,33.880000
LD2-E12-1280x800-before,fig/4/4/1,pushbutton,B19,197.164800,160.834000,98.092800,30.492000
LD2-E12-1280x800-before,fig/4/4/2,pushbutton,B18,78.950400,160.834000,98.092800,30.492000
LD2-E12-1280x800-before,fig/4/4/3,pushbutton,B16,227.347200,207.958000,67.910400,34.650000
LD2-E12-1280x800-before,fig/4/4/4,edit,F04,78.950400,207.958000,138.336000,34.650000
LD2-E12-1280x800-before,fig/4/13,pushbutton,T08,516.201600,263.264000,36.000000,40.000000
LD2-E12-1280x800-before,fig/4/15,pushbutton,T07,390.441600,263.264000,36.000000,40.000000
LD2-E12-1280x800-before,fig/4/17,pushbutton,T36,721.609600,386.464000,36.000000,40.000000
LD2-E12-1280x800-before,fig/4/19,pushbutton,T35,671.305600,386.464000,36.000000,40.000000
LD2-E12-1280x800-before,fig/4/21,frame,component:VM,375.744000,157.600000,234.752000,98.560000
LD2-E12-1280x800-before,fig/4/21/1,pushbutton,B15,392.176640,163.513600,201.886720,28.582400
LD2-E12-1280x800-before,fig/4/22,frame,component:R13,676.729600,434.800000,62.880000,80.080000
LD2-E12-1280x800-before,fig/4/23,frame,component:L3,528.332800,434.800000,62.880000,80.080000
LD2-E12-1280x800-before,fig/4/24,frame,component:C4,379.936000,434.800000,62.880000,80.080000
LD2-E12-1280x800-before,fig/4/25,frame,component:AM,231.539200,425.560000,62.880000,117.040000
LD2-E12-1280x800-before,fig/4/25/1,pushbutton,B14,235.312000,432.582400,55.334400,28.089600
LD2-E12-1280x800-before,fig/4/26,frame,component:GEN,52.960000,342.400000,92.224000,147.840000
LD2-E12-1280x800-before,fig/4/26/1,pushbutton,B09,59.415680,351.270400,79.312640,32.524800
LD2-E12-1280x800-before,fig/5,pushbutton,,1113.600000,744.000000,134.400000,35.200000
LD2-E12-1280x800-wired,fig/3/1,pushbutton,B35,920.640000,105.240000,130.240000,27.720000
LD2-E12-1280x800-wired,fig/3/2,pushbutton,B04,920.640000,148.360000,302.720000,46.200000
LD2-E12-1280x800-wired,fig/3/3,pushbutton,B07,920.640000,280.800000,302.720000,36.960000
LD2-E12-1280x800-wired,fig/3/4,pushbutton,B08,920.640000,336.240000,302.720000,36.960000
LD2-E12-1280x800-wired,fig/3/5,pushbutton,B34,920.640000,391.680000,302.720000,36.960000
LD2-E12-1280x800-wired,fig/4/1,pushbutton,B33,660.800000,166.840000,176.064000,33.880000
LD2-E12-1280x800-wired,fig/4/2,pushbutton,B13,660.800000,117.560000,176.064000,33.880000
LD2-E12-1280x800-wired,fig/4/3,pushbutton,B26,375.744000,117.560000,234.752000,33.880000
LD2-E12-1280x800-wired,fig/4/4/1,pushbutton,B19,197.164800,160.834000,98.092800,30.492000
LD2-E12-1280x800-wired,fig/4/4/2,pushbutton,B18,78.950400,160.834000,98.092800,30.492000
LD2-E12-1280x800-wired,fig/4/4/3,pushbutton,B16,227.347200,207.958000,67.910400,34.650000
LD2-E12-1280x800-wired,fig/4/4/4,edit,F04,78.950400,207.958000,138.336000,34.650000
LD2-E12-1280x800-wired,fig/4/28,pushbutton,T08,516.201600,263.264000,36.000000,40.000000
LD2-E12-1280x800-wired,fig/4/30,pushbutton,T07,390.441600,263.264000,36.000000,40.000000
LD2-E12-1280x800-wired,fig/4/32,pushbutton,T36,721.609600,386.464000,36.000000,40.000000
LD2-E12-1280x800-wired,fig/4/34,pushbutton,T35,671.305600,386.464000,36.000000,40.000000
LD2-E12-1280x800-wired,fig/4/36,pushbutton,T34,742.569600,455.456000,36.000000,40.000000
LD2-E12-1280x800-wired,fig/4/38,pushbutton,T33,638.608000,455.456000,36.000000,40.000000
LD2-E12-1280x800-wired,fig/4/40,pushbutton,T30,594.172800,455.456000,36.000000,40.000000
LD2-E12-1280x800-wired,fig/4/42,pushbutton,T29,490.211200,455.456000,36.000000,40.000000
LD2-E12-1280x800-wired,fig/4/44,pushbutton,T26,445.776000,455.456000,36.000000,40.000000
LD2-E12-1280x800-wired,fig/4/46,pushbutton,T25,341.814400,455.456000,36.000000,40.000000
LD2-E12-1280x800-wired,fig/4/48,pushbutton,T06,297.379200,455.456000,36.000000,40.000000
LD2-E12-1280x800-wired,fig/4/50,pushbutton,T05,192.579200,455.456000,36.000000,40.000000
LD2-E12-1280x800-wired,fig/4/52,pushbutton,T02,148.144000,343.344000,36.000000,40.000000
LD2-E12-1280x800-wired,fig/4/54,pushbutton,T01,148.144000,423.424000,36.000000,40.000000
LD2-E12-1280x800-wired,fig/4/56,frame,component:VM,375.744000,157.600000,234.752000,98.560000
LD2-E12-1280x800-wired,fig/4/56/1,pushbutton,B15,392.176640,163.513600,201.886720,28.582400
LD2-E12-1280x800-wired,fig/4/57,frame,component:R13,676.729600,434.800000,62.880000,80.080000
LD2-E12-1280x800-wired,fig/4/58,frame,component:L3,528.332800,434.800000,62.880000,80.080000
LD2-E12-1280x800-wired,fig/4/59,frame,component:C4,379.936000,434.800000,62.880000,80.080000
LD2-E12-1280x800-wired,fig/4/60,frame,component:AM,231.539200,425.560000,62.880000,117.040000
LD2-E12-1280x800-wired,fig/4/60/1,pushbutton,B14,235.312000,432.582400,55.334400,28.089600
LD2-E12-1280x800-wired,fig/4/61,frame,component:GEN,52.960000,342.400000,92.224000,147.840000
LD2-E12-1280x800-wired,fig/4/61/1,pushbutton,B09,59.415680,351.270400,79.312640,32.524800
LD2-E12-1280x800-wired,fig/5,pushbutton,,1113.600000,744.000000,134.400000,35.200000
LD3-E1-1280x800,fig/3/1,pushbutton,B05,1064.960000,105.240000,158.400000,27.720000
LD3-E1-1280x800,fig/3/2,pushbutton,,920.640000,105.240000,130.240000,27.720000
LD3-E1-1280x800,fig/3/3,pushbutton,,920.640000,148.360000,302.720000,46.200000
LD3-E1-1280x800,fig/4/10,pushbutton,T10,420.624000,205.360000,36.000000,40.000000
LD3-E1-1280x800,fig/4/11,pushbutton,T09,613.456000,205.360000,36.000000,40.000000
LD3-E1-1280x800,fig/4/12,pushbutton,T08,420.624000,340.880000,36.000000,40.000000
LD3-E1-1280x800,fig/4/13,pushbutton,T07,613.456000,340.880000,36.000000,40.000000
LD3-E1-1280x800,fig/4/14,pushbutton,T06,789.520000,510.280000,36.000000,40.000000
LD3-E1-1280x800,fig/4/15,pushbutton,T05,605.072000,510.280000,36.000000,40.000000
LD3-E1-1280x800,fig/4/16,pushbutton,T04,504.464000,510.280000,36.000000,40.000000
LD3-E1-1280x800,fig/4/17,pushbutton,T03,345.168000,510.280000,36.000000,40.000000
LD3-E1-1280x800,fig/4/18,pushbutton,T02,68.496000,510.280000,36.000000,40.000000
LD3-E1-1280x800,fig/4/19,pushbutton,T01,244.560000,510.280000,36.000000,40.000000
LD3-E1-1280x800,fig/4/20,frame,component:V,459.584000,176.080000,150.912000,98.560000
LD3-E1-1280x800,fig/4/23,frame,component:R1,459.584000,317.760000,150.912000,86.240000
LD3-E1-1280x800,fig/4/26,frame,component:A,644.032000,471.760000,142.528000,117.040000
LD3-E1-1280x800,fig/4/29,frame,component:K,384.128000,471.760000,117.376000,117.040000
LD3-E1-1280x800,fig/4/32,frame,component:E,107.456000,471.760000,134.144000,117.040000
LD3-E1-1280x800,fig/4/35,pushbutton,B03,664.992000,188.400000,176.064000,36.960000
LD3-E1-1280x800,fig/4/36,pushbutton,B02,664.992000,250.000000,176.064000,36.960000
LD3-E1-1280x800,fig/4/37,pushbutton,B01,664.992000,311.600000,176.064000,36.960000
LD3-E1-1280x800,fig/4/38,pushbutton,B12,400.896000,111.400000,150.912000,36.960000
LD3-E1-1280x800,fig/4/39,pushbutton,B11,233.216000,111.400000,150.912000,36.960000
LD3-E1-1280x800,fig/4/40,pushbutton,B10,65.536000,111.400000,150.912000,36.960000
LD3-E1-1280x800,fig/5,pushbutton,,1113.600000,744.000000,134.400000,35.200000
LD3-E2-1280x800,fig/3/1,pushbutton,B05,1064.960000,105.240000,158.400000,27.720000
LD3-E2-1280x800,fig/3/2,pushbutton,,920.640000,105.240000,130.240000,27.720000
LD3-E2-1280x800,fig/3/3,pushbutton,,920.640000,148.360000,302.720000,46.200000
LD3-E2-1280x800,fig/3/18,edit,A02.01,1117.760000,434.800000,105.600000,46.200000
LD3-E2-1280x800,fig/4/10,pushbutton,T10,420.624000,205.360000,36.000000,40.000000
LD3-E2-1280x800,fig/4/11,pushbutton,T09,613.456000,205.360000,36.000000,40.000000
LD3-E2-1280x800,fig/4/12,pushbutton,T08,420.624000,340.880000,36.000000,40.000000
LD3-E2-1280x800,fig/4/13,pushbutton,T07,613.456000,340.880000,36.000000,40.000000
LD3-E2-1280x800,fig/4/14,pushbutton,T06,789.520000,510.280000,36.000000,40.000000
LD3-E2-1280x800,fig/4/15,pushbutton,T05,605.072000,510.280000,36.000000,40.000000
LD3-E2-1280x800,fig/4/16,pushbutton,T04,504.464000,510.280000,36.000000,40.000000
LD3-E2-1280x800,fig/4/17,pushbutton,T03,345.168000,510.280000,36.000000,40.000000
LD3-E2-1280x800,fig/4/18,pushbutton,T02,68.496000,510.280000,36.000000,40.000000
LD3-E2-1280x800,fig/4/19,pushbutton,T01,244.560000,510.280000,36.000000,40.000000
LD3-E2-1280x800,fig/4/20,frame,component:V,459.584000,176.080000,150.912000,98.560000
LD3-E2-1280x800,fig/4/23,frame,component:R1,459.584000,317.760000,150.912000,86.240000
LD3-E2-1280x800,fig/4/26,frame,component:A,644.032000,471.760000,142.528000,117.040000
LD3-E2-1280x800,fig/4/29,frame,component:K,384.128000,471.760000,117.376000,117.040000
LD3-E2-1280x800,fig/4/32,frame,component:E,107.456000,471.760000,134.144000,117.040000
LD3-E2-1280x800,fig/4/35,pushbutton,B03,664.992000,188.400000,176.064000,36.960000
LD3-E2-1280x800,fig/4/36,pushbutton,B02,664.992000,250.000000,176.064000,36.960000
LD3-E2-1280x800,fig/4/37,pushbutton,B01,664.992000,311.600000,176.064000,36.960000
LD3-E2-1280x800,fig/4/38,pushbutton,B12,400.896000,111.400000,150.912000,36.960000
LD3-E2-1280x800,fig/4/39,pushbutton,B11,233.216000,111.400000,150.912000,36.960000
LD3-E2-1280x800,fig/4/40,pushbutton,B10,65.536000,111.400000,150.912000,36.960000
LD3-E2-1280x800,fig/5,pushbutton,,1113.600000,744.000000,134.400000,35.200000
LD3-E3-1280x800,fig/3/1,pushbutton,B05,1064.960000,105.240000,158.400000,27.720000
LD3-E3-1280x800,fig/3/2,pushbutton,,920.640000,105.240000,130.240000,27.720000
LD3-E3-1280x800,fig/3/3,pushbutton,,920.640000,148.360000,302.720000,46.200000
LD3-E3-1280x800,fig/4/10,pushbutton,T10,420.624000,205.360000,36.000000,40.000000
LD3-E3-1280x800,fig/4/11,pushbutton,T09,613.456000,205.360000,36.000000,40.000000
LD3-E3-1280x800,fig/4/12,pushbutton,T08,420.624000,340.880000,36.000000,40.000000
LD3-E3-1280x800,fig/4/13,pushbutton,T07,613.456000,340.880000,36.000000,40.000000
LD3-E3-1280x800,fig/4/14,pushbutton,T06,789.520000,510.280000,36.000000,40.000000
LD3-E3-1280x800,fig/4/15,pushbutton,T05,605.072000,510.280000,36.000000,40.000000
LD3-E3-1280x800,fig/4/16,pushbutton,T04,504.464000,510.280000,36.000000,40.000000
LD3-E3-1280x800,fig/4/17,pushbutton,T03,345.168000,510.280000,36.000000,40.000000
LD3-E3-1280x800,fig/4/18,pushbutton,T02,68.496000,510.280000,36.000000,40.000000
LD3-E3-1280x800,fig/4/19,pushbutton,T01,244.560000,510.280000,36.000000,40.000000
LD3-E3-1280x800,fig/4/20,frame,component:V,459.584000,176.080000,150.912000,98.560000
LD3-E3-1280x800,fig/4/23,frame,component:R1,459.584000,317.760000,150.912000,86.240000
LD3-E3-1280x800,fig/4/26,frame,component:A,644.032000,471.760000,142.528000,117.040000
LD3-E3-1280x800,fig/4/29,frame,component:K,384.128000,471.760000,117.376000,117.040000
LD3-E3-1280x800,fig/4/32,frame,component:E,107.456000,471.760000,134.144000,117.040000
LD3-E3-1280x800,fig/4/35,pushbutton,B03,664.992000,188.400000,176.064000,36.960000
LD3-E3-1280x800,fig/4/36,pushbutton,B02,664.992000,250.000000,176.064000,36.960000
LD3-E3-1280x800,fig/4/37,pushbutton,B01,664.992000,311.600000,176.064000,36.960000
LD3-E3-1280x800,fig/4/38,pushbutton,B12,400.896000,111.400000,150.912000,36.960000
LD3-E3-1280x800,fig/4/39,pushbutton,B11,233.216000,111.400000,150.912000,36.960000
LD3-E3-1280x800,fig/4/40,pushbutton,B10,65.536000,111.400000,150.912000,36.960000
LD3-E3-1280x800,fig/5,pushbutton,,1113.600000,744.000000,134.400000,35.200000
LD3-E4-1280x800,fig/3/1,pushbutton,B05,1064.960000,105.240000,158.400000,27.720000
LD3-E4-1280x800,fig/3/2,pushbutton,,920.640000,105.240000,130.240000,27.720000
LD3-E4-1280x800,fig/3/3,pushbutton,,920.640000,148.360000,302.720000,46.200000
LD3-E4-1280x800,fig/3/10,edit,A04.04,1117.760000,250.000000,105.600000,46.200000
LD3-E4-1280x800,fig/3/12,edit,A04.03,1117.760000,311.600000,105.600000,46.200000
LD3-E4-1280x800,fig/3/14,edit,A04.02,1117.760000,373.200000,105.600000,46.200000
LD3-E4-1280x800,fig/3/16,edit,A04.01,1117.760000,434.800000,105.600000,46.200000
LD3-E4-1280x800,fig/4/10,pushbutton,T10,420.624000,205.360000,36.000000,40.000000
LD3-E4-1280x800,fig/4/11,pushbutton,T09,613.456000,205.360000,36.000000,40.000000
LD3-E4-1280x800,fig/4/12,pushbutton,T08,420.624000,340.880000,36.000000,40.000000
LD3-E4-1280x800,fig/4/13,pushbutton,T07,613.456000,340.880000,36.000000,40.000000
LD3-E4-1280x800,fig/4/14,pushbutton,T06,789.520000,510.280000,36.000000,40.000000
LD3-E4-1280x800,fig/4/15,pushbutton,T05,605.072000,510.280000,36.000000,40.000000
LD3-E4-1280x800,fig/4/16,pushbutton,T04,504.464000,510.280000,36.000000,40.000000
LD3-E4-1280x800,fig/4/17,pushbutton,T03,345.168000,510.280000,36.000000,40.000000
LD3-E4-1280x800,fig/4/18,pushbutton,T02,68.496000,510.280000,36.000000,40.000000
LD3-E4-1280x800,fig/4/19,pushbutton,T01,244.560000,510.280000,36.000000,40.000000
LD3-E4-1280x800,fig/4/20,frame,component:V,459.584000,176.080000,150.912000,98.560000
LD3-E4-1280x800,fig/4/23,frame,component:R1,459.584000,317.760000,150.912000,86.240000
LD3-E4-1280x800,fig/4/26,frame,component:A,644.032000,471.760000,142.528000,117.040000
LD3-E4-1280x800,fig/4/29,frame,component:K,384.128000,471.760000,117.376000,117.040000
LD3-E4-1280x800,fig/4/32,frame,component:E,107.456000,471.760000,134.144000,117.040000
LD3-E4-1280x800,fig/4/35,pushbutton,B03,664.992000,188.400000,176.064000,36.960000
LD3-E4-1280x800,fig/4/36,pushbutton,B02,664.992000,250.000000,176.064000,36.960000
LD3-E4-1280x800,fig/4/37,pushbutton,B01,664.992000,311.600000,176.064000,36.960000
LD3-E4-1280x800,fig/4/38,pushbutton,B12,400.896000,111.400000,150.912000,36.960000
LD3-E4-1280x800,fig/4/39,pushbutton,B11,233.216000,111.400000,150.912000,36.960000
LD3-E4-1280x800,fig/4/40,pushbutton,B10,65.536000,111.400000,150.912000,36.960000
LD3-E4-1280x800,fig/5,pushbutton,,1113.600000,744.000000,134.400000,35.200000
LD3-E5-1280x800,fig/3/1,pushbutton,B05,1064.960000,105.240000,158.400000,27.720000
LD3-E5-1280x800,fig/3/2,pushbutton,,920.640000,105.240000,130.240000,27.720000
LD3-E5-1280x800,fig/3/3,pushbutton,,920.640000,148.360000,302.720000,46.200000
LD3-E5-1280x800,fig/3/8,edit,A05.01,1117.760000,434.800000,105.600000,46.200000
LD3-E5-1280x800,fig/4/10,pushbutton,T10,420.624000,205.360000,36.000000,40.000000
LD3-E5-1280x800,fig/4/11,pushbutton,T09,613.456000,205.360000,36.000000,40.000000
LD3-E5-1280x800,fig/4/12,pushbutton,T08,420.624000,340.880000,36.000000,40.000000
LD3-E5-1280x800,fig/4/13,pushbutton,T07,613.456000,340.880000,36.000000,40.000000
LD3-E5-1280x800,fig/4/14,pushbutton,T06,789.520000,510.280000,36.000000,40.000000
LD3-E5-1280x800,fig/4/15,pushbutton,T05,605.072000,510.280000,36.000000,40.000000
LD3-E5-1280x800,fig/4/16,pushbutton,T04,504.464000,510.280000,36.000000,40.000000
LD3-E5-1280x800,fig/4/17,pushbutton,T03,345.168000,510.280000,36.000000,40.000000
LD3-E5-1280x800,fig/4/18,pushbutton,T02,68.496000,510.280000,36.000000,40.000000
LD3-E5-1280x800,fig/4/19,pushbutton,T01,244.560000,510.280000,36.000000,40.000000
LD3-E5-1280x800,fig/4/20,frame,component:V,459.584000,176.080000,150.912000,98.560000
LD3-E5-1280x800,fig/4/23,frame,component:R1,459.584000,317.760000,150.912000,86.240000
LD3-E5-1280x800,fig/4/26,frame,component:A,644.032000,471.760000,142.528000,117.040000
LD3-E5-1280x800,fig/4/29,frame,component:K,384.128000,471.760000,117.376000,117.040000
LD3-E5-1280x800,fig/4/32,frame,component:E,107.456000,471.760000,134.144000,117.040000
LD3-E5-1280x800,fig/4/35,pushbutton,B03,664.992000,188.400000,176.064000,36.960000
LD3-E5-1280x800,fig/4/36,pushbutton,B02,664.992000,250.000000,176.064000,36.960000
LD3-E5-1280x800,fig/4/37,pushbutton,B01,664.992000,311.600000,176.064000,36.960000
LD3-E5-1280x800,fig/4/38,pushbutton,B12,400.896000,111.400000,150.912000,36.960000
LD3-E5-1280x800,fig/4/39,pushbutton,B11,233.216000,111.400000,150.912000,36.960000
LD3-E5-1280x800,fig/4/40,pushbutton,B10,65.536000,111.400000,150.912000,36.960000
LD3-E5-1280x800,fig/5,pushbutton,,1113.600000,744.000000,134.400000,35.200000
LD3-E6-1280x800,fig/3/1,pushbutton,B05,1064.960000,105.240000,158.400000,27.720000
LD3-E6-1280x800,fig/3/2,pushbutton,,920.640000,105.240000,130.240000,27.720000
LD3-E6-1280x800,fig/3/3,pushbutton,,920.640000,148.360000,302.720000,46.200000
LD3-E6-1280x800,fig/3/4,edit,A06.02,1117.760000,373.200000,105.600000,46.200000
LD3-E6-1280x800,fig/3/6,edit,A06.01,1117.760000,434.800000,105.600000,46.200000
LD3-E6-1280x800,fig/4/10,pushbutton,T10,420.624000,205.360000,36.000000,40.000000
LD3-E6-1280x800,fig/4/11,pushbutton,T09,613.456000,205.360000,36.000000,40.000000
LD3-E6-1280x800,fig/4/12,pushbutton,T08,420.624000,340.880000,36.000000,40.000000
LD3-E6-1280x800,fig/4/13,pushbutton,T07,613.456000,340.880000,36.000000,40.000000
LD3-E6-1280x800,fig/4/14,pushbutton,T06,789.520000,510.280000,36.000000,40.000000
LD3-E6-1280x800,fig/4/15,pushbutton,T05,605.072000,510.280000,36.000000,40.000000
LD3-E6-1280x800,fig/4/16,pushbutton,T04,504.464000,510.280000,36.000000,40.000000
LD3-E6-1280x800,fig/4/17,pushbutton,T03,345.168000,510.280000,36.000000,40.000000
LD3-E6-1280x800,fig/4/18,pushbutton,T02,68.496000,510.280000,36.000000,40.000000
LD3-E6-1280x800,fig/4/19,pushbutton,T01,244.560000,510.280000,36.000000,40.000000
LD3-E6-1280x800,fig/4/20,frame,component:V,459.584000,176.080000,150.912000,98.560000
LD3-E6-1280x800,fig/4/23,frame,component:R1,459.584000,317.760000,150.912000,86.240000
LD3-E6-1280x800,fig/4/26,frame,component:A,644.032000,471.760000,142.528000,117.040000
LD3-E6-1280x800,fig/4/29,frame,component:K,384.128000,471.760000,117.376000,117.040000
LD3-E6-1280x800,fig/4/32,frame,component:E,107.456000,471.760000,134.144000,117.040000
LD3-E6-1280x800,fig/4/35,pushbutton,B03,664.992000,188.400000,176.064000,36.960000
LD3-E6-1280x800,fig/4/36,pushbutton,B02,664.992000,250.000000,176.064000,36.960000
LD3-E6-1280x800,fig/4/37,pushbutton,B01,664.992000,311.600000,176.064000,36.960000
LD3-E6-1280x800,fig/4/38,pushbutton,B12,400.896000,111.400000,150.912000,36.960000
LD3-E6-1280x800,fig/4/39,pushbutton,B11,233.216000,111.400000,150.912000,36.960000
LD3-E6-1280x800,fig/4/40,pushbutton,B10,65.536000,111.400000,150.912000,36.960000
LD3-E6-1280x800,fig/5,pushbutton,,1113.600000,744.000000,134.400000,35.200000
